,Labels,Silhouette_samples
0,168,1.0
1,543,0.657512447692139
2,72,1.0
3,107,-0.025655418674930944
4,142,1.0
5,451,0.8159749296337424
6,222,0.3567279109922885
7,72,1.0
8,473,0.5293573589805147
9,473,0.5293573589805147
10,552,0.5621882205580431
11,552,0.5621882205580431
12,552,0.5621882205580431
13,552,0.5621882205580431
14,552,0.5621882205580431
15,552,0.5621882205580431
16,72,1.0
17,616,1.0
18,438,0.5316915317912251
19,168,1.0
20,72,1.0
21,72,1.0
22,267,0.5824315882253114
23,23,1.0
24,191,-0.006633974439981093
25,72,1.0
26,235,0.2173409230372391
27,564,0.8534095368545228
28,72,1.0
29,221,-0.0034409814390789916
30,53,0.28182926941187714
31,53,0.28182926941187714
32,53,0.28182926941187714
33,695,0.2979271858629415
34,695,0.2979271858629415
35,460,0.19493593816772412
36,460,0.19493593816772412
37,356,0.19047426575700688
38,142,1.0
39,564,0.8534095368545228
40,399,0.40934431157789297
41,399,0.40934431157789297
42,399,0.40934431157789297
43,319,0.2438127294690048
44,168,1.0
45,361,-0.02243386133974163
46,397,0.781617593014477
47,313,0.10482119033676178
48,416,1.0
49,269,1.0
50,275,0.6170846273610278
51,275,0.6170846273610278
52,275,0.6170846273610278
53,275,0.6170846273610278
54,269,1.0
55,199,0.2839884720153219
56,357,0.43499217516595656
57,357,0.43499217516595656
58,357,0.43499217516595656
59,357,0.43499217516595656
60,357,0.43499217516595656
61,65,0.20177762068739302
62,72,1.0
63,277,1.0
64,312,0.4701575183041372
65,561,0.3369786561778161
66,561,0.3369786561778161
67,561,0.3369786561778161
68,561,0.3369786561778161
69,82,0.013920877572500467
70,266,0.00892078983686254
71,107,-0.00014917500021613734
72,277,1.0
73,168,1.0
74,691,0.08455873308077154
75,76,0.2933443784391891
76,54,0.0077088053605385
77,269,1.0
78,190,0.3796722827570366
79,72,1.0
80,554,-0.007569151509542338
81,72,1.0
82,168,1.0
83,72,1.0
84,271,0.3349731142554933
85,634,0.8551714123283388
86,634,0.8551714123283388
87,634,0.8551714123283388
88,634,0.8551714123283388
89,634,0.8551714123283388
90,634,0.8551714123283388
91,634,0.8551714123283388
92,292,0.6691929326122036
93,292,0.6691929326122036
94,292,0.6691929326122036
95,292,0.6691929326122036
96,292,0.6691929326122036
97,292,0.6691929326122036
98,292,0.6691929326122036
99,292,0.6691929326122036
100,292,0.6691929326122036
101,72,1.0
102,271,0.26669932358619
103,434,0.2656302207938164
104,434,0.2656302207938164
105,434,0.2656302207938164
106,434,0.2656302207938164
107,434,0.2656302207938164
108,581,0.7376466967949085
109,233,0.17023318081466626
110,581,0.3377698610642725
111,168,1.0
112,168,1.0
113,93,0.1976535719451679
114,626,0.04072406277437915
115,313,0.5028835724488624
116,142,1.0
117,201,0.10931196549448664
118,168,1.0
119,625,0.35815962889138875
120,168,1.0
121,445,0.1934438007304812
122,542,0.1333013036399085
123,168,1.0
124,266,0.18278452613228813
125,266,0.18278452613228813
126,625,0.07078443519039383
127,72,1.0
128,124,0.6120859514030345
129,741,0.31685879168790076
130,741,0.31685879168790076
131,741,0.31685879168790076
132,625,0.16246747736718606
133,625,0.16246747736718606
134,625,0.16246747736718606
135,687,0.2556291172187682
136,95,0.5898507370365881
137,95,0.5898507370365881
138,95,0.5898507370365881
139,95,0.5898507370365881
140,95,0.5898507370365881
141,95,0.5898507370365881
142,191,0.19639960431175846
143,191,0.19639960431175846
144,168,1.0
145,72,1.0
146,23,1.0
147,113,0.31263374014924106
148,113,0.31263374014924106
149,168,1.0
150,23,1.0
151,679,0.11753482391192098
152,679,0.11753482391192098
153,72,1.0
154,619,0.5499878921480853
155,644,-0.020798661374629043
156,72,1.0
157,72,1.0
158,8,0.5520461117117214
159,317,1.0
160,317,1.0
161,317,1.0
162,199,0.47953881627605166
163,199,0.47953881627605166
164,716,0.3805024108419155
165,168,1.0
166,44,-0.01881003775283826
167,72,1.0
168,645,0.9999999839531327
169,645,0.9999999839531327
170,645,0.9999999839531327
171,72,1.0
172,72,1.0
173,103,0.2596272380426253
174,103,0.2596272380426253
175,294,0.08694897887275145
176,72,1.0
177,194,0.14974467912010755
178,194,0.14974467912010755
179,168,1.0
180,312,0.4701575183041372
181,190,0.38037527926282066
182,691,-0.001276790541976659
183,296,0.12661370544385314
184,296,0.12661370544385314
185,556,-0.04247918840744769
186,296,0.25897074963568556
187,545,0.04946894355351377
188,411,0.2545636551154452
189,309,0.33556503898441686
190,165,-0.020757093526106656
191,504,0.09532746851664474
192,320,0.2639500034845449
193,251,0.16498388282415022
194,168,1.0
195,142,1.0
196,142,1.0
197,537,0.16159744009411686
198,479,1.0
199,479,1.0
200,479,1.0
201,168,1.0
202,402,-0.037712758300362755
203,142,1.0
204,269,1.0
205,72,1.0
206,63,0.13786006476193527
207,63,0.13786006476193527
208,168,1.0
209,8,0.32009158577580543
210,271,0.014831934076270429
211,72,1.0
212,563,1.0
213,22,0.09861647154377715
214,124,0.7400480742840032
215,124,0.7400480742840032
216,615,0.7205245581092188
217,615,0.7205245581092188
218,615,0.7205245581092188
219,615,0.7205245581092188
220,615,0.7205245581092188
221,269,1.0
222,72,1.0
223,44,0.18597439801995297
224,168,1.0
225,142,1.0
226,142,1.0
227,142,1.0
228,72,1.0
229,72,1.0
230,137,0.40356595905653714
231,137,0.40356595905653714
232,311,-0.00729212594082278
233,40,0.9999999670321157
234,40,0.9999999670321157
235,40,0.9999999670321157
236,40,0.9999999670321157
237,40,0.9999999670321157
238,40,0.9999999670321157
239,576,-0.028929234386596413
240,72,1.0
241,72,1.0
242,410,0.3793930703470545
243,72,1.0
244,168,1.0
245,168,1.0
246,168,1.0
247,75,0.999999982013001
248,75,0.999999982013001
249,75,0.999999982013001
250,75,0.999999982013001
251,75,0.999999982013001
252,75,0.999999982013001
253,698,0.027373053260362802
254,168,1.0
255,122,0.15471842529062801
256,122,0.15471842529062801
257,122,0.15471842529062801
258,548,0.12671496613827876
259,513,0.10504424648612583
260,141,-0.06661342409827294
261,168,1.0
262,72,1.0
263,194,0.01348342613188786
264,22,0.11183985672128542
265,692,0.4620975358119175
266,692,0.4620975358119175
267,692,0.4620975358119175
268,378,0.1331899185928926
269,378,0.1331899185928926
270,509,0.272394084720027
271,72,1.0
272,677,0.18421213612359918
273,677,0.18421213612359918
274,677,0.18421213612359918
275,677,0.18421213612359918
276,72,1.0
277,72,1.0
278,72,1.0
279,611,0.11166584878584011
280,611,0.11166584878584011
281,277,1.0
282,269,1.0
283,296,0.015580349094076792
284,533,1.0
285,269,1.0
286,381,0.1848638729480088
287,371,0.13220933104289925
288,481,0.5469216274704531
289,481,0.5469216274704531
290,72,1.0
291,677,0.30163660598067127
292,677,0.30163660598067127
293,677,0.30163660598067127
294,677,0.30163660598067127
295,168,1.0
296,269,1.0
297,525,0.3625272014195104
298,525,0.3625272014195104
299,525,0.3625272014195104
300,525,0.3625272014195104
301,72,1.0
302,72,1.0
303,72,1.0
304,72,1.0
305,213,0.18626977783404622
306,196,0.5451692762107871
307,564,0.8534095368545228
308,72,1.0
309,713,0.769667644154371
310,713,0.769667644154371
311,142,1.0
312,142,1.0
313,74,0.0
314,34,0.1790846095464882
315,34,0.1790846095464882
316,509,0.2734576680685824
317,694,0.3926984201330269
318,72,1.0
319,168,1.0
320,436,-0.13321005205341704
321,168,1.0
322,709,1.0
323,709,1.0
324,709,1.0
325,161,1.0
326,161,1.0
327,168,1.0
328,168,1.0
329,142,1.0
330,142,1.0
331,555,1.0
332,168,1.0
333,269,1.0
334,142,1.0
335,416,1.0
336,5,0.22640592651489286
337,5,0.22640592651489286
338,236,0.29499153353465285
339,236,0.29499153353465285
340,236,0.29499153353465285
341,694,0.5976133397586374
342,305,0.4264022026333996
343,294,0.16829038626173454
344,168,1.0
345,72,1.0
346,168,1.0
347,168,1.0
348,538,0.13233307926097043
349,31,0.5134362782575042
350,72,1.0
351,340,0.2556409588464122
352,340,0.2556409588464122
353,401,0.35001649955604824
354,401,0.35001649955604824
355,401,0.35001649955604824
356,401,0.35001649955604824
357,401,0.35001649955604824
358,142,1.0
359,142,1.0
360,142,1.0
361,159,0.06358881430273715
362,168,1.0
363,72,1.0
364,30,0.3123460937470644
365,30,0.3123460937470644
366,30,0.3123460937470644
367,30,0.3123460937470644
368,30,0.3123460937470644
369,168,1.0
370,434,0.05587287183365487
371,168,1.0
372,320,0.12221305397118631
373,72,1.0
374,72,1.0
375,716,0.2030232263616416
376,504,0.1720625256021527
377,229,1.0
378,168,1.0
379,392,0.3918321320018385
380,589,0.25478626813160904
381,589,0.25478626813160904
382,267,0.2430709801219115
383,180,-0.057336703677952794
384,72,1.0
385,94,0.39746426544495767
386,94,0.39746426544495767
387,617,0.6027140916487028
388,423,0.6775059266740407
389,72,1.0
390,401,0.24997414319988764
391,401,0.24997414319988764
392,401,0.24997414319988764
393,269,1.0
394,168,1.0
395,269,1.0
396,269,1.0
397,333,0.0048441718134217
398,333,0.0048441718134217
399,3,0.6191634690180562
400,3,0.6191634690180562
401,3,0.6191634690180562
402,3,0.6191634690180562
403,26,0.23636480775341903
404,687,0.17673419596837017
405,687,0.17673419596837017
406,687,0.17673419596837017
407,439,0.726408536496884
408,439,0.726408536496884
409,142,1.0
410,698,0.339986509080983
411,698,0.339986509080983
412,698,0.339986509080983
413,698,0.339986509080983
414,63,-0.008091781424353132
415,533,1.0
416,533,1.0
417,411,0.07640012004933724
418,136,1.0
419,142,1.0
420,72,1.0
421,122,0.07791697697922513
422,122,0.07791697697922513
423,533,1.0
424,109,0.07676594464537094
425,168,1.0
426,168,1.0
427,190,0.3796722827570366
428,109,0.2886612120010951
429,266,0.04946920917067381
430,153,0.1549232457241794
431,411,0.5543414374604066
432,168,1.0
433,213,0.2526798584409981
434,168,1.0
435,168,1.0
436,539,1.0
437,539,1.0
438,548,0.04320758057004408
439,581,0.7376466967949085
440,694,0.24590562735976887
441,694,0.24590562735976887
442,687,0.16264280194821257
443,168,1.0
444,72,1.0
445,148,0.11100328146907888
446,148,0.11100328146907888
447,162,0.03410203285797299
448,741,0.3186056897864769
449,741,0.3186056897864769
450,741,0.3186056897864769
451,168,1.0
452,231,0.08831893165860537
453,200,-0.020550629327495566
454,376,0.1715628628070629
455,72,1.0
456,168,1.0
457,474,-0.0699867226707131
458,644,0.32578859618721506
459,623,0.14845036616081975
460,623,0.14845036616081975
461,72,1.0
462,72,1.0
463,480,0.08464502489849275
464,256,0.0
465,252,0.2686528454731848
466,252,0.2686528454731848
467,451,0.8159749296337424
468,313,0.5028835724488624
469,590,0.10782364348195106
470,590,0.10782364348195106
471,72,1.0
472,269,1.0
473,168,1.0
474,72,1.0
475,142,1.0
476,269,1.0
477,570,0.10335940610394624
478,548,0.08737659911534787
479,72,1.0
480,72,1.0
481,72,1.0
482,614,0.06862172122061977
483,614,0.06862172122061977
484,201,0.059725874237916796
485,269,1.0
486,452,-0.062031671826528696
487,34,0.14058386718473623
488,34,0.14058386718473623
489,34,0.14058386718473623
490,34,0.14058386718473623
491,267,0.5824315882253114
492,72,1.0
493,590,0.08697066796953093
494,725,0.2121084509225377
495,112,0.3110418079590387
496,538,0.8297846179172325
497,78,0.4233137383202864
498,78,0.4233137383202864
499,142,1.0
500,72,1.0
501,485,0.20172625773527839
502,72,1.0
503,72,1.0
504,30,0.010653411746057297
505,72,1.0
506,72,1.0
507,174,0.1914436757173251
508,23,1.0
509,745,1.0
510,745,1.0
511,745,1.0
512,481,0.5469216274704531
513,185,0.528962387685743
514,185,0.528962387685743
515,185,0.528962387685743
516,168,1.0
517,269,1.0
518,72,1.0
519,72,1.0
520,8,0.04354263171249054
521,716,0.3805024108419155
522,269,1.0
523,72,1.0
524,142,1.0
525,313,0.22951951359202738
526,451,0.8159749296337424
527,119,0.4976353782487097
528,119,0.4976353782487097
529,72,1.0
530,568,0.10080347214063103
531,168,1.0
532,23,1.0
533,739,0.9158621772472988
534,739,0.9158621772472988
535,739,0.9158621772472988
536,739,0.9158621772472988
537,739,0.9158621772472988
538,489,0.283798272117391
539,489,0.283798272117391
540,311,-0.03784924915496637
541,608,-0.00033012707519936946
542,277,1.0
543,480,0.02132523397683959
544,575,-0.03187375625778131
545,637,0.658374640293497
546,102,0.2036238293475575
547,102,0.2036238293475575
548,102,0.25970012554964517
549,102,0.25970012554964517
550,102,0.25970012554964517
551,309,0.33556503898441686
552,411,0.5394168754619655
553,72,1.0
554,140,-0.12317795552539633
555,72,1.0
556,72,1.0
557,267,0.5824315882253114
558,98,0.39578681025638157
559,98,0.39578681025638157
560,98,0.39578681025638157
561,269,1.0
562,22,0.011097874865202056
563,168,1.0
564,469,0.7754472771568677
565,344,0.03845305830098655
566,72,1.0
567,368,0.0840897377839431
568,379,0.4669884100381589
569,379,0.4669884100381589
570,379,0.4669884100381589
571,379,0.4669884100381589
572,379,0.4669884100381589
573,372,0.08951806175182588
574,496,0.43022368580382375
575,496,0.05445262482306194
576,301,0.10476038047422935
577,72,1.0
578,34,0.18165831910980398
579,34,0.18165831910980398
580,34,0.18165831910980398
581,493,0.24012541082971253
582,31,0.34879267484383264
583,619,0.5499878921480853
584,313,0.5028835724488624
585,168,1.0
586,113,0.3364293502517986
587,113,0.3364293502517986
588,637,0.658374640293497
589,526,0.7062502293860407
590,52,0.6309524093081391
591,72,1.0
592,168,1.0
593,394,0.020154661563609674
594,168,1.0
595,434,0.358902355154914
596,434,0.358902355154914
597,434,0.358902355154914
598,434,0.358902355154914
599,513,0.3204807377620469
600,548,0.02702391049935661
601,271,0.15843580421874556
602,66,0.24814605886996238
603,66,0.24814605886996238
604,716,0.0717591995007801
605,99,0.0
606,403,0.5376117237842118
607,72,1.0
608,168,1.0
609,142,1.0
610,72,1.0
611,194,0.11437470967723726
612,31,0.11317416102555546
613,180,0.0887357328654691
614,180,0.3383578139635769
615,72,1.0
616,632,0.26446277082126185
617,632,0.26446277082126185
618,72,1.0
619,296,0.08251466244471474
620,555,1.0
621,671,0.5799448193483806
622,671,0.5799448193483806
623,671,0.5799448193483806
624,422,0.28537445675083306
625,422,0.28537445675083306
626,644,0.4405555628413192
627,644,0.4405555628413192
628,644,0.4405555628413192
629,644,0.4405555628413192
630,644,0.4405555628413192
631,644,0.4405555628413192
632,716,0.3805024108419155
633,66,0.6023028581619706
634,66,0.6023028581619706
635,66,0.6023028581619706
636,66,0.6023028581619706
637,53,0.08441359453248418
638,632,0.487136388560504
639,632,0.487136388560504
640,632,0.487136388560504
641,67,0.5811308371917528
642,67,0.5811308371917528
643,67,0.5811308371917528
644,290,0.17443160553029616
645,168,1.0
646,190,0.38037527926282066
647,190,0.38037527926282066
648,72,1.0
649,563,1.0
650,563,1.0
651,72,1.0
652,554,0.04544256823202242
653,725,0.013689338608014951
654,592,1.0
655,592,1.0
656,592,1.0
657,592,1.0
658,72,1.0
659,72,1.0
660,72,1.0
661,168,1.0
662,564,0.8534095368545228
663,55,1.0
664,55,1.0
665,55,1.0
666,55,1.0
667,55,1.0
668,55,1.0
669,277,1.0
670,183,0.10337598691989275
671,236,0.12609093408920888
672,107,0.07741974130169005
673,107,0.07741974130169005
674,489,0.15286872333157195
675,72,1.0
676,72,1.0
677,397,0.781617593014477
678,397,0.781617593014477
679,397,0.781617593014477
680,397,0.781617593014477
681,8,0.397677761932431
682,451,0.4297179160184388
683,87,0.5626591991276934
684,87,0.5626591991276934
685,168,1.0
686,543,0.12664160448984518
687,112,0.1194137157921252
688,649,0.0
689,72,1.0
690,72,1.0
691,153,0.1354075822701705
692,554,0.49494872577824195
693,554,0.49494872577824195
694,635,0.22275604742927899
695,635,0.22275604742927899
696,635,0.22275604742927899
697,647,-0.04205553878343857
698,72,1.0
699,269,1.0
700,509,0.10514448419991985
701,427,0.4660722921507815
702,427,0.4660722921507815
703,427,0.4660722921507815
704,742,0.08577908354049371
705,271,0.20405818447616866
706,433,0.0
707,333,0.2676564211712166
708,333,0.2676564211712166
709,333,0.2676564211712166
710,23,1.0
711,72,1.0
712,72,1.0
713,748,0.033493929567202374
714,269,1.0
715,269,1.0
716,436,-0.08237863992673684
717,312,0.4701575183041372
718,581,0.7376466967949085
719,410,0.3983042244328057
720,691,0.18652818041827646
721,691,0.18652818041827646
722,168,1.0
723,121,-0.10150900421955862
724,699,-0.12207214723834109
725,168,1.0
726,72,1.0
727,168,1.0
728,72,1.0
729,190,0.38037527926282066
730,228,-0.006754167829882723
731,269,1.0
732,1,0.5224285846061888
733,1,0.5224285846061888
734,1,0.5224285846061888
735,1,0.5224285846061888
736,171,0.6627100759068046
737,737,-0.09557561420486074
738,626,0.5190940999159853
739,626,0.5190940999159853
740,626,0.5190940999159853
741,363,0.11385460654422433
742,269,1.0
743,168,1.0
744,72,1.0
745,72,1.0
746,103,0.3514570461983095
747,379,-0.003951184530633308
748,8,0.5520461117117214
749,56,0.0
750,405,0.12347827779174911
751,72,1.0
752,168,1.0
753,72,1.0
754,205,0.15535219277596168
755,23,1.0
756,438,0.20273769767375124
757,561,0.3614508495719786
758,561,0.3614508495719786
759,561,0.3614508495719786
760,23,1.0
761,23,1.0
762,23,1.0
763,23,1.0
764,168,1.0
765,93,0.3813379397567021
766,255,0.9999999726597876
767,255,0.9999999726597876
768,489,0.16228530011683961
769,33,1.0
770,33,1.0
771,33,1.0
772,269,1.0
773,32,0.48561964798066576
774,23,1.0
775,23,1.0
776,168,1.0
777,438,0.20273769767375124
778,361,-0.028735554524267078
779,296,0.049284516782034
780,185,-0.10235783438294853
781,415,0.3352149438762301
782,72,1.0
783,445,0.3893371777186
784,380,0.0
785,168,1.0
786,168,1.0
787,625,0.048176399921365604
788,39,0.06600631941641588
789,708,0.20965061599697904
790,680,0.7282882131932945
791,680,0.7282882131932945
792,680,0.7282882131932945
793,680,0.7282882131932945
794,680,0.7282882131932945
795,72,1.0
796,52,0.6309524093081391
797,327,-0.0003783665168088083
798,378,0.27410604091877583
799,378,0.27410604091877583
800,378,0.27410604091877583
801,378,0.27410604091877583
802,335,0.2248753941288716
803,335,0.2248753941288716
804,137,0.025651575301925376
805,438,0.5316915317912251
806,411,0.5394168754619655
807,274,0.016607705029837674
808,625,0.060012818762885896
809,365,0.126362261102021
810,268,0.8725688253216952
811,268,0.8725688253216952
812,268,0.8725688253216952
813,268,0.8725688253216952
814,43,1.0
815,43,1.0
816,43,1.0
817,43,1.0
818,43,1.0
819,72,1.0
820,716,0.11402365108812751
821,168,1.0
822,512,0.6687266242341094
823,512,0.6687266242341094
824,512,0.6687266242341094
825,72,1.0
826,489,0.1826696421120432
827,418,0.0
828,716,0.3805024108419155
829,581,0.7376466967949085
830,273,0.29560562201743673
831,273,0.29560562201743673
832,273,0.29560562201743673
833,517,1.0
834,517,1.0
835,517,1.0
836,517,1.0
837,517,1.0
838,97,0.21716564437921104
839,97,0.21716564437921104
840,344,0.20510545726023785
841,231,-0.0404185811671219
842,186,0.9999999821787232
843,186,0.9999999821787232
844,168,1.0
845,581,0.7376466967949085
846,109,0.2886612120010951
847,251,0.11961331976837127
848,251,0.11961331976837127
849,251,0.11961331976837127
850,251,0.11961331976837127
851,716,0.0698072246731118
852,168,1.0
853,72,1.0
854,168,1.0
855,555,1.0
856,555,1.0
857,581,0.3377698610642725
858,323,0.1907204218114533
859,677,0.01413150684061095
860,168,1.0
861,72,1.0
862,72,1.0
863,269,1.0
864,269,1.0
865,72,1.0
866,72,1.0
867,72,1.0
868,533,1.0
869,533,1.0
870,425,0.9999999815828167
871,425,0.9999999815828167
872,23,1.0
873,72,1.0
874,72,1.0
875,168,1.0
876,72,1.0
877,153,0.38571415473589876
878,79,0.37681412075776777
879,274,0.06576731782814181
880,8,0.5520461117117214
881,142,1.0
882,481,0.32442369968834744
883,481,0.32442369968834744
884,563,1.0
885,489,0.283798272117391
886,142,1.0
887,72,1.0
888,269,1.0
889,379,0.35644399649582126
890,379,0.35644399649582126
891,379,0.35644399649582126
892,379,0.35644399649582126
893,379,0.35644399649582126
894,320,0.11247195541899273
895,489,-0.012348521801049967
896,54,0.28326266542154965
897,125,0.0
898,397,0.16822300307044286
899,72,1.0
900,484,0.03798537325211688
901,405,0.5015329152759346
902,677,0.08271176025363611
903,677,0.08271176025363611
904,677,0.08271176025363611
905,72,1.0
906,131,0.37581759617306393
907,131,0.37581759617306393
908,131,0.37581759617306393
909,131,0.37581759617306393
910,131,0.37581759617306393
911,131,0.37581759617306393
912,142,1.0
913,168,1.0
914,712,-0.14639055996092337
915,644,0.07478123786370591
916,168,1.0
917,513,0.06703124382057127
918,446,0.999999981730324
919,446,0.999999981730324
920,446,0.999999981730324
921,446,0.999999981730324
922,446,0.999999981730324
923,305,0.07490204497152086
924,72,1.0
925,72,1.0
926,72,1.0
927,72,1.0
928,672,0.2660258594578892
929,672,0.2660258594578892
930,672,0.2660258594578892
931,672,0.2660258594578892
932,268,0.7420080473156812
933,268,0.7420080473156812
934,713,0.769667644154371
935,72,1.0
936,142,1.0
937,72,1.0
938,644,0.07478123786370591
939,269,1.0
940,344,0.2548438640788466
941,290,0.07059287298945183
942,290,0.072359211712175
943,290,0.072359211712175
944,168,1.0
945,48,0.0
946,266,0.2352878857539754
947,266,0.2352878857539754
948,266,0.2352878857539754
949,266,0.2352878857539754
950,266,0.2352878857539754
951,61,1.0
952,61,1.0
953,72,1.0
954,168,1.0
955,168,1.0
956,356,0.6308105980834093
957,573,0.0
958,168,1.0
959,142,1.0
960,72,1.0
961,275,-0.016322009197593513
962,670,1.0
963,670,1.0
964,171,0.6850522938054431
965,180,-0.07354774272518783
966,269,1.0
967,543,-0.004499783658584434
968,591,0.21306074061979846
969,591,0.21306074061979846
970,591,0.21306074061979846
971,397,0.0063063232199571
972,150,1.0
973,148,0.11511371258064058
974,148,0.11511371258064058
975,148,0.11511371258064058
976,356,0.4250572148989299
977,72,1.0
978,72,1.0
979,312,0.18004777350983883
980,312,0.18004777350983883
981,695,0.22918053937610616
982,695,0.22918053937610616
983,72,1.0
984,142,1.0
985,269,1.0
986,168,1.0
987,269,1.0
988,72,1.0
989,445,0.20315870728580326
990,445,0.20315870728580326
991,445,0.20315870728580326
992,445,0.20315870728580326
993,72,1.0
994,23,1.0
995,72,1.0
996,168,1.0
997,445,0.39086105056894777
998,445,0.39086105056894777
999,677,0.1551505165260742
1000,72,1.0
1001,72,1.0
1002,427,0.04771376704476119
1003,60,0.10456175648067677
1004,354,0.23738771934891767
1005,168,1.0
1006,168,1.0
1007,72,1.0
1008,334,0.32191752377014654
1009,23,1.0
1010,23,1.0
1011,168,1.0
1012,72,1.0
1013,72,1.0
1014,576,0.15207363286061293
1015,576,0.15207363286061293
1016,525,0.09905891667652537
1017,525,0.09905891667652537
1018,525,0.09905891667652537
1019,168,1.0
1020,168,1.0
1021,269,1.0
1022,472,0.18410176678228274
1023,472,0.18410176678228274
1024,160,0.0
1025,647,0.020780798651275273
1026,17,0.16502628893109575
1027,17,0.16502628893109575
1028,563,1.0
1029,190,0.38037527926282066
1030,30,0.13296311184368045
1031,533,1.0
1032,251,0.09255298864151196
1033,251,0.09255298864151196
1034,251,0.09255298864151196
1035,168,1.0
1036,72,1.0
1037,72,1.0
1038,72,1.0
1039,397,0.781617593014477
1040,397,0.781617593014477
1041,397,0.781617593014477
1042,363,0.16549754072812142
1043,363,0.16549754072812142
1044,168,1.0
1045,105,0.15281646765668044
1046,220,0.39597086640301077
1047,142,1.0
1048,168,1.0
1049,619,0.049992291817725604
1050,533,1.0
1051,72,1.0
1052,699,-0.21056520926959588
1053,625,0.3418714253675302
1054,72,1.0
1055,72,1.0
1056,72,1.0
1057,72,1.0
1058,72,1.0
1059,72,1.0
1060,168,1.0
1061,23,1.0
1062,72,1.0
1063,623,0.07999778646159622
1064,623,0.07999778646159622
1065,72,1.0
1066,151,0.48279955774900885
1067,151,0.48279955774900885
1068,168,1.0
1069,359,0.12191678987562793
1070,359,0.12191678987562793
1071,23,1.0
1072,691,-0.0005741153190932989
1073,113,0.3556427158708708
1074,113,0.3556427158708708
1075,113,0.3556427158708708
1076,617,0.599081860289594
1077,72,1.0
1078,102,0.13541208362674118
1079,538,0.8297846179172325
1080,23,1.0
1081,466,0.14064702539870905
1082,142,1.0
1083,451,0.8159749296337424
1084,570,0.3440912626972214
1085,570,0.3440912626972214
1086,168,1.0
1087,102,0.15259775431974265
1088,168,1.0
1089,691,0.09685137814767537
1090,72,1.0
1091,72,1.0
1092,168,1.0
1093,72,1.0
1094,556,0.34801037633705256
1095,556,0.34801037633705256
1096,313,0.5028835724488624
1097,72,1.0
1098,320,0.13461226480184982
1099,631,1.0
1100,526,0.7062502293860407
1101,526,0.7062502293860407
1102,395,0.19175172687300396
1103,395,0.19175172687300396
1104,250,0.9999999820157858
1105,250,0.9999999820157858
1106,250,0.9999999820157858
1107,250,0.9999999820157858
1108,250,0.9999999820157858
1109,250,0.9999999820157858
1110,23,1.0
1111,397,0.781617593014477
1112,269,1.0
1113,165,0.10218385082695353
1114,13,0.0
1115,608,-0.005673388412995409
1116,201,0.211514082493067
1117,320,0.05443616501880172
1118,154,0.1263442064039495
1119,154,0.1263442064039495
1120,24,1.0
1121,24,1.0
1122,24,1.0
1123,24,1.0
1124,24,1.0
1125,24,1.0
1126,168,1.0
1127,168,1.0
1128,168,1.0
1129,530,0.0
1130,541,-0.05569705617997931
1131,168,1.0
1132,168,1.0
1133,513,0.14073296451891146
1134,269,1.0
1135,639,0.4423014461965789
1136,23,1.0
1137,35,0.6986982587483198
1138,35,0.6986982587483198
1139,564,0.14609080312585718
1140,184,0.29084797007774615
1141,184,0.29084797007774615
1142,184,0.29084797007774615
1143,320,0.2613996620418337
1144,320,0.2613996620418337
1145,293,0.044419664976188156
1146,72,1.0
1147,72,1.0
1148,423,0.6775059266740407
1149,249,-0.11520126066652217
1150,5,0.5958795092408641
1151,5,0.5958795092408641
1152,5,0.5958795092408641
1153,5,0.5958795092408641
1154,439,0.1801983368842668
1155,292,0.36585384409398625
1156,168,1.0
1157,197,0.0
1158,168,1.0
1159,72,1.0
1160,269,1.0
1161,749,0.21312160726700966
1162,168,1.0
1163,589,0.36727542452782536
1164,589,0.36727542452782536
1165,589,0.36727542452782536
1166,589,0.36727542452782536
1167,32,0.48561964798066576
1168,269,1.0
1169,730,0.6334740522087244
1170,730,0.6334740522087244
1171,730,0.6334740522087244
1172,730,0.6334740522087244
1173,168,1.0
1174,293,0.1270270429149725
1175,293,0.1270270429149725
1176,165,0.34071361687761126
1177,165,0.34071361687761126
1178,363,-0.02312517920110096
1179,201,0.1520866765546777
1180,290,0.038561824756458626
1181,614,0.38905514878358727
1182,614,0.38905514878358727
1183,614,0.38905514878358727
1184,614,0.38905514878358727
1185,282,0.13475070977044448
1186,95,0.3260706673491782
1187,95,0.3260706673491782
1188,95,0.3260706673491782
1189,216,0.7097405737212171
1190,216,0.7097405737212171
1191,216,0.7097405737212171
1192,216,0.7097405737212171
1193,216,0.7097405737212171
1194,216,0.7097405737212171
1195,216,0.7097405737212171
1196,216,0.7097405737212171
1197,686,1.0
1198,744,0.09236278907458041
1199,111,0.7800446675391941
1200,111,0.7800446675391941
1201,111,0.7800446675391941
1202,111,0.7800446675391941
1203,111,0.7800446675391941
1204,168,1.0
1205,168,1.0
1206,168,1.0
1207,168,1.0
1208,168,1.0
1209,72,1.0
1210,543,0.657512447692139
1211,451,0.8159749296337424
1212,190,0.38037527926282066
1213,23,1.0
1214,313,0.5028835724488624
1215,538,0.8297846179172325
1216,581,0.3895378352796479
1217,248,0.7041314347509002
1218,248,0.7041314347509002
1219,248,0.7041314347509002
1220,248,0.7041314347509002
1221,248,0.7041314347509002
1222,564,0.8534095368545228
1223,363,0.09513467210438549
1224,667,-0.054776681137887154
1225,561,0.3614508495719786
1226,411,0.2631941117273328
1227,411,0.2631941117273328
1228,72,1.0
1229,63,0.10957002999110439
1230,72,1.0
1231,686,1.0
1232,190,0.3796722827570366
1233,388,1.0
1234,388,1.0
1235,388,1.0
1236,388,1.0
1237,388,1.0
1238,72,1.0
1239,168,1.0
1240,222,0.051709612366479994
1241,562,0.07495865811888061
1242,410,0.42546279369805606
1243,410,0.42546279369805606
1244,168,1.0
1245,563,1.0
1246,589,0.042645210454066634
1247,514,0.18867876953962348
1248,241,0.9999999760711478
1249,241,0.9999999760711478
1250,273,0.39376982345102496
1251,273,0.39376982345102496
1252,273,0.39376982345102496
1253,273,0.39376982345102496
1254,273,0.39376982345102496
1255,513,0.2564450380912094
1256,168,1.0
1257,168,1.0
1258,168,1.0
1259,72,1.0
1260,54,0.1555764048286833
1261,313,0.3077315398618657
1262,168,1.0
1263,513,0.17569404705373673
1264,522,0.2043421473186928
1265,522,0.2043421473186928
1266,542,0.07013225082258995
1267,72,1.0
1268,168,1.0
1269,189,0.6297644625934846
1270,168,1.0
1271,142,1.0
1272,142,1.0
1273,39,0.0720169438067637
1274,625,0.03942381938319338
1275,168,1.0
1276,228,0.002673432221158134
1277,168,1.0
1278,168,1.0
1279,168,1.0
1280,168,1.0
1281,213,0.2305778261940793
1282,168,1.0
1283,269,1.0
1284,619,0.5499878921480853
1285,619,0.5499878921480853
1286,511,0.057516730574097
1287,606,1.0
1288,606,1.0
1289,606,1.0
1290,606,1.0
1291,124,0.6120859514030345
1292,124,0.6120859514030345
1293,560,0.04952865273727448
1294,373,0.9999999746661103
1295,373,0.9999999746661103
1296,373,0.9999999746661103
1297,373,0.9999999746661103
1298,168,1.0
1299,392,0.3918321320018385
1300,322,0.04600335564758927
1301,23,1.0
1302,72,1.0
1303,72,1.0
1304,72,1.0
1305,321,0.5699671344329694
1306,321,0.5699671344329694
1307,321,0.5699671344329694
1308,321,0.5699671344329694
1309,23,1.0
1310,72,1.0
1311,168,1.0
1312,190,0.3796722827570366
1313,639,-0.05476654440341005
1314,269,1.0
1315,489,0.048575078741264606
1316,103,0.3514570461983095
1317,72,1.0
1318,72,1.0
1319,269,1.0
1320,744,0.012888323791698224
1321,168,1.0
1322,177,0.27968183996285123
1323,177,0.27968183996285123
1324,177,0.27968183996285123
1325,177,0.27968183996285123
1326,72,1.0
1327,142,1.0
1328,9,1.0
1329,168,1.0
1330,533,1.0
1331,451,0.6296620488177882
1332,90,0.9999999779432873
1333,90,0.9999999779432873
1334,72,1.0
1335,269,1.0
1336,23,1.0
1337,481,0.5469216274704531
1338,481,0.5469216274704531
1339,581,0.3377698610642725
1340,72,1.0
1341,613,-0.00792570312596954
1342,72,1.0
1343,72,1.0
1344,72,1.0
1345,469,0.7754472771568677
1346,190,0.3796722827570366
1347,694,0.5976133397586374
1348,168,1.0
1349,428,0.10507259396311991
1350,619,0.06592201067763276
1351,168,1.0
1352,496,-0.005619870185373395
1353,203,0.04518466451832333
1354,142,1.0
1355,311,0.11870743140165885
1356,23,1.0
1357,605,1.0
1358,605,1.0
1359,72,1.0
1360,34,0.23792885521480373
1361,34,0.23792885521480373
1362,80,0.6503892420588868
1363,80,0.6503892420588868
1364,80,0.6503892420588868
1365,80,0.6503892420588868
1366,72,1.0
1367,31,0.15812634384115384
1368,23,1.0
1369,168,1.0
1370,116,0.17647705823053295
1371,72,1.0
1372,72,1.0
1373,513,0.2283274056104174
1374,513,0.2283274056104174
1375,416,1.0
1376,621,0.5373528264329028
1377,621,0.5373528264329028
1378,168,1.0
1379,72,1.0
1380,168,1.0
1381,397,-0.028308439997385578
1382,23,1.0
1383,647,0.3974531903293387
1384,647,0.3974531903293387
1385,647,0.3974531903293387
1386,647,0.3974531903293387
1387,647,0.3974531903293387
1388,609,0.08500943372866876
1389,168,1.0
1390,72,1.0
1391,168,1.0
1392,82,0.07722434181663494
1393,72,1.0
1394,72,1.0
1395,263,0.027088749291044514
1396,174,0.3028428724728539
1397,88,0.0
1398,180,0.06986828242891756
1399,267,0.40395320304498045
1400,23,1.0
1401,405,0.44386476195202135
1402,290,0.054128280488883684
1403,290,0.054128280488883684
1404,564,0.8534095368545228
1405,23,1.0
1406,168,1.0
1407,542,0.05863843153311907
1408,516,0.6318709807478121
1409,165,0.12232185514335707
1410,518,0.9999999774940765
1411,518,0.9999999774940765
1412,518,0.9999999774940765
1413,518,0.9999999774940765
1414,518,0.9999999774940765
1415,405,0.5015329152759346
1416,533,1.0
1417,72,1.0
1418,325,0.5781757588421997
1419,325,0.5781757588421997
1420,325,0.5781757588421997
1421,4,0.03632972609354271
1422,552,0.30001643329971833
1423,552,0.30001643329971833
1424,552,0.30001643329971833
1425,533,1.0
1426,34,0.09044319563074649
1427,34,0.09044319563074649
1428,103,0.43606538202413564
1429,442,0.04351488634883717
1430,269,1.0
1431,717,-0.16705172986472544
1432,168,1.0
1433,269,1.0
1434,72,1.0
1435,213,0.1197813207065662
1436,377,0.14752688866986421
1437,377,0.14752688866986421
1438,201,0.211514082493067
1439,408,1.0
1440,408,1.0
1441,72,1.0
1442,376,0.2829957850421947
1443,376,0.2829957850421947
1444,72,1.0
1445,298,0.8286624818985799
1446,298,0.8286624818985799
1447,298,0.8286624818985799
1448,298,0.8286624818985799
1449,298,0.8286624818985799
1450,298,0.8286624818985799
1451,290,0.06565284025824925
1452,290,0.06565284025824925
1453,174,0.5484911149627839
1454,174,0.5484911149627839
1455,174,0.5484911149627839
1456,716,0.3805024108419155
1457,377,0.29343886132204516
1458,377,0.29343886132204516
1459,377,0.29343886132204516
1460,377,0.29343886132204516
1461,8,0.5520461117117214
1462,313,0.5028835724488624
1463,23,1.0
1464,237,0.023463944715431253
1465,168,1.0
1466,661,1.0
1467,609,0.4095890217631131
1468,581,0.34107148895980177
1469,581,0.34107148895980177
1470,346,0.6783563897031423
1471,346,0.6783563897031423
1472,346,0.6783563897031423
1473,346,0.6783563897031423
1474,346,0.6783563897031423
1475,346,0.6783563897031423
1476,346,0.6783563897031423
1477,112,0.08306211378746015
1478,502,0.1215271759923803
1479,748,0.6919128139233126
1480,748,0.6919128139233126
1481,748,0.6919128139233126
1482,142,1.0
1483,311,0.012956767523293151
1484,168,1.0
1485,142,1.0
1486,72,1.0
1487,504,-0.033733262634014695
1488,564,0.8534095368545228
1489,313,0.5028835724488624
1490,232,0.2364599898616658
1491,72,1.0
1492,313,0.3077315398618657
1493,8,0.5520461117117214
1494,397,0.781617593014477
1495,356,0.6308105980834093
1496,394,0.40490489743726776
1497,394,0.40490489743726776
1498,394,0.40490489743726776
1499,168,1.0
1500,72,1.0
1501,411,0.1553040844508871
1502,716,0.07260805467750608
1503,72,1.0
1504,72,1.0
1505,533,1.0
1506,401,0.1774952002208285
1507,401,0.1774952002208285
1508,492,0.023629492562750706
1509,625,0.35815962889138875
1510,72,1.0
1511,495,0.34347914083423386
1512,168,1.0
1513,254,1.0
1514,254,1.0
1515,254,1.0
1516,254,1.0
1517,254,1.0
1518,254,1.0
1519,269,1.0
1520,168,1.0
1521,401,0.1344567984444753
1522,401,0.1344567984444753
1523,502,0.14528714267549442
1524,492,0.14931318016005513
1525,492,0.14931318016005513
1526,168,1.0
1527,3,-0.017971942550486276
1528,581,0.3377698610642725
1529,347,0.9999999552178446
1530,347,0.9999999552178446
1531,347,0.9999999552178446
1532,347,0.9999999552178446
1533,347,0.9999999552178446
1534,235,0.021919218104682028
1535,52,0.6309524093081391
1536,131,0.09362717935883628
1537,131,0.09362717935883628
1538,274,0.3869227328662119
1539,72,1.0
1540,694,-0.005819714808862205
1541,436,-0.14993285742933488
1542,168,1.0
1543,168,1.0
1544,290,0.04019318800842354
1545,168,1.0
1546,168,1.0
1547,405,0.5015329152759346
1548,405,0.5015329152759346
1549,10,1.0
1550,10,1.0
1551,10,1.0
1552,10,1.0
1553,126,0.48332376837978974
1554,126,0.48332376837978974
1555,269,1.0
1556,103,0.43606538202413564
1557,168,1.0
1558,142,1.0
1559,344,0.2897130162882676
1560,397,0.781617593014477
1561,168,1.0
1562,168,1.0
1563,365,0.5586538820965308
1564,365,0.5586538820965308
1565,365,0.5586538820965308
1566,365,0.5586538820965308
1567,274,0.10462466462333428
1568,631,1.0
1569,72,1.0
1570,72,1.0
1571,184,0.516379089591063
1572,184,0.516379089591063
1573,184,0.516379089591063
1574,184,0.516379089591063
1575,6,0.9999999551912558
1576,6,0.9999999551912558
1577,6,0.9999999551912558
1578,6,0.9999999551912558
1579,6,0.9999999551912558
1580,6,0.9999999551912558
1581,168,1.0
1582,590,0.06267197546834731
1583,438,0.5316915317912251
1584,564,0.8534095368545228
1585,108,1.0
1586,108,1.0
1587,438,0.5316915317912251
1588,405,0.1721977087496917
1589,72,1.0
1590,312,0.45603806774860767
1591,65,0.20177762068739302
1592,170,-0.11880042509216983
1593,191,-0.0031756561846889644
1594,17,0.27063370377800655
1595,17,0.27063370377800655
1596,17,0.27063370377800655
1597,17,0.27063370377800655
1598,17,0.27063370377800655
1599,23,1.0
1600,72,1.0
1601,72,1.0
1602,233,0.6933465815022011
1603,233,0.6933465815022011
1604,233,0.6933465815022011
1605,639,0.4423014461965789
1606,201,0.17246445312684397
1607,426,-0.06791333885214655
1608,168,1.0
1609,251,0.13689741778111322
1610,514,-0.0029145019948001406
1611,289,-0.05623338357260335
1612,384,0.07351907100990335
1613,691,0.23833580397293583
1614,401,0.22934831653970564
1615,401,0.22934831653970564
1616,742,0.01550220470944596
1617,677,0.1863828176237941
1618,677,0.1863828176237941
1619,23,1.0
1620,692,0.011666839923056962
1621,311,0.13362425208351272
1622,311,0.13362425208351272
1623,747,0.12332499389163153
1624,17,0.08326774653069476
1625,17,0.08326774653069476
1626,168,1.0
1627,168,1.0
1628,52,0.6309524093081391
1629,64,1.0
1630,64,1.0
1631,631,1.0
1632,201,0.006147311518836223
1633,305,0.4264022026333996
1634,168,1.0
1635,624,0.9999999717285751
1636,624,0.9999999717285751
1637,72,1.0
1638,428,0.1840317945659454
1639,194,0.003285017238712814
1640,80,0.16855133920565463
1641,80,0.16855133920565463
1642,72,1.0
1643,72,1.0
1644,411,0.06897237316474018
1645,269,1.0
1646,72,1.0
1647,168,1.0
1648,72,1.0
1649,72,1.0
1650,310,0.4278211723700501
1651,310,0.4278211723700501
1652,310,0.4278211723700501
1653,310,0.4278211723700501
1654,310,0.4278211723700501
1655,177,0.5826632068632336
1656,177,0.5826632068632336
1657,177,0.5826632068632336
1658,177,0.5826632068632336
1659,177,0.5826632068632336
1660,177,0.5826632068632336
1661,177,0.5826632068632336
1662,578,-0.1883202635467175
1663,72,1.0
1664,72,1.0
1665,259,0.539086276948978
1666,385,0.9999999830401478
1667,385,0.9999999830401478
1668,385,0.9999999830401478
1669,385,0.9999999830401478
1670,385,0.9999999830401478
1671,385,0.9999999830401478
1672,385,0.9999999830401478
1673,385,0.9999999830401478
1674,313,0.26937037834300565
1675,627,0.9999999837131669
1676,627,0.9999999837131669
1677,627,0.9999999837131669
1678,687,0.08227575297399539
1679,168,1.0
1680,548,0.02016030573473734
1681,581,0.7376466967949085
1682,581,0.7376466967949085
1683,466,0.4941340328401853
1684,72,1.0
1685,266,0.14841340352631782
1686,29,0.012018250740500874
1687,236,0.09502130440369941
1688,72,1.0
1689,266,0.1660985862495337
1690,266,0.1660985862495337
1691,266,0.1660985862495337
1692,30,-0.020479793289191736
1693,168,1.0
1694,394,0.10163527388553747
1695,406,-0.0032607024259287626
1696,279,0.0057453280311560405
1697,269,1.0
1698,313,0.3047675871560464
1699,168,1.0
1700,708,0.1602748202117486
1701,420,0.0822729788448333
1702,23,1.0
1703,23,1.0
1704,23,1.0
1705,513,0.24793139638250886
1706,23,1.0
1707,168,1.0
1708,17,0.0959879770310694
1709,17,0.0959879770310694
1710,313,0.03476880598315922
1711,72,1.0
1712,168,1.0
1713,9,1.0
1714,72,1.0
1715,504,0.1033520364113496
1716,168,1.0
1717,72,1.0
1718,72,1.0
1719,111,0.4375854751344707
1720,111,0.4375854751344707
1721,72,1.0
1722,23,1.0
1723,320,0.18733546818667293
1724,647,0.12773377919151088
1725,647,0.12773377919151088
1726,60,0.2500122237773831
1727,60,0.2500122237773831
1728,581,0.7376466967949085
1729,264,0.35100018105454306
1730,264,0.35100018105454306
1731,264,0.35100018105454306
1732,264,0.35100018105454306
1733,538,0.8297846179172325
1734,688,0.3427178579501678
1735,72,1.0
1736,344,0.2541366530769421
1737,344,0.2541366530769421
1738,344,0.2541366530769421
1739,344,0.2541366530769421
1740,554,0.16258299039580987
1741,554,0.16258299039580987
1742,229,1.0
1743,168,1.0
1744,142,1.0
1745,142,1.0
1746,168,1.0
1747,495,0.05623938477676494
1748,17,0.10664545016799724
1749,17,0.10664545016799724
1750,566,0.08786629247718951
1751,168,1.0
1752,694,0.33242327308997865
1753,142,1.0
1754,72,1.0
1755,144,0.3650317069067488
1756,144,0.3650317069067488
1757,122,0.156805388462641
1758,122,0.156805388462641
1759,122,0.156805388462641
1760,122,0.156805388462641
1761,677,0.35906372223475735
1762,677,0.35906372223475735
1763,677,0.35906372223475735
1764,677,0.35906372223475735
1765,677,0.35906372223475735
1766,677,0.35906372223475735
1767,677,0.35906372223475735
1768,677,0.35906372223475735
1769,677,0.35906372223475735
1770,677,0.35906372223475735
1771,142,1.0
1772,72,1.0
1773,142,1.0
1774,274,0.27177545750688914
1775,563,1.0
1776,168,1.0
1777,561,0.10610337504189506
1778,561,0.10610337504189506
1779,103,0.3514570461983095
1780,413,0.9999999775531888
1781,413,0.9999999775531888
1782,413,0.9999999775531888
1783,413,0.9999999775531888
1784,413,0.9999999775531888
1785,581,0.7376466967949085
1786,168,1.0
1787,23,1.0
1788,313,0.5028835724488624
1789,168,1.0
1790,237,0.6686034651279954
1791,237,0.6686034651279954
1792,237,0.6686034651279954
1793,405,0.5015329152759346
1794,562,0.018177548761237526
1795,293,0.38442135160518287
1796,293,0.38442135160518287
1797,293,0.38442135160518287
1798,277,1.0
1799,538,0.8297846179172325
1800,371,0.023531414263492444
1801,371,0.023531414263492444
1802,124,0.7400480742840032
1803,124,0.7400480742840032
1804,313,0.2868718199366827
1805,168,1.0
1806,142,1.0
1807,232,0.19695409873052955
1808,168,1.0
1809,434,0.29826714037978985
1810,434,0.29826714037978985
1811,434,0.29826714037978985
1812,434,0.29826714037978985
1813,434,0.29826714037978985
1814,72,1.0
1815,168,1.0
1816,142,1.0
1817,716,0.2030232263616416
1818,716,0.2030232263616416
1819,131,0.15996178102133363
1820,131,0.15996178102133363
1821,131,0.15996178102133363
1822,397,0.781617593014477
1823,325,0.020811663095216957
1824,4,0.45687151184000097
1825,4,0.45687151184000097
1826,4,0.45687151184000097
1827,168,1.0
1828,336,0.19926674478617912
1829,72,1.0
1830,648,0.23454585008560688
1831,648,0.23454585008560688
1832,76,0.2834856860893467
1833,76,0.2834856860893467
1834,76,0.2834856860893467
1835,584,1.0
1836,584,1.0
1837,584,1.0
1838,584,1.0
1839,584,1.0
1840,584,1.0
1841,168,1.0
1842,168,1.0
1843,718,-0.010088155738500313
1844,221,0.07160276040373903
1845,221,0.07160276040373903
1846,563,1.0
1847,72,1.0
1848,72,1.0
1849,564,0.8534095368545228
1850,318,1.0
1851,318,1.0
1852,318,1.0
1853,193,0.29822211773616686
1854,193,0.29822211773616686
1855,168,1.0
1856,168,1.0
1857,580,1.0
1858,580,1.0
1859,580,1.0
1860,580,1.0
1861,482,0.0
1862,168,1.0
1863,72,1.0
1864,274,0.23024371858047826
1865,269,1.0
1866,513,0.21520288937887286
1867,392,0.2946249947252508
1868,414,0.9999999838182928
1869,414,0.9999999838182928
1870,414,0.9999999838182928
1871,414,0.9999999838182928
1872,72,1.0
1873,232,0.05555466891505706
1874,379,0.20800285351334813
1875,379,0.20800285351334813
1876,168,1.0
1877,538,0.8297846179172325
1878,72,1.0
1879,590,0.35072285789534563
1880,590,0.35072285789534563
1881,590,0.35072285789534563
1882,590,0.35072285789534563
1883,590,0.35072285789534563
1884,29,0.28907857520333197
1885,29,0.28907857520333197
1886,7,1.0
1887,7,1.0
1888,7,1.0
1889,7,1.0
1890,393,0.02651173488815155
1891,277,1.0
1892,32,0.48561964798066576
1893,142,1.0
1894,72,1.0
1895,513,-0.04548280592127171
1896,72,1.0
1897,496,0.06671918634887915
1898,533,1.0
1899,199,0.29543786314709547
1900,72,1.0
1901,716,0.03495001795486741
1902,72,1.0
1903,438,0.07841787718557638
1904,416,1.0
1905,708,0.09809059407117446
1906,397,0.781617593014477
1907,168,1.0
1908,72,1.0
1909,513,0.2671849547525174
1910,438,0.5316915317912251
1911,72,1.0
1912,79,0.2517955425599454
1913,422,0.11421236865254031
1914,438,0.06524633527543171
1915,337,0.0710687694088507
1916,168,1.0
1917,177,0.24945951270487995
1918,72,1.0
1919,53,0.2273807975288261
1920,438,0.33050563612859446
1921,466,0.2601489397476821
1922,168,1.0
1923,713,0.769667644154371
1924,708,0.015440499406400889
1925,72,1.0
1926,267,0.07385677723080619
1927,267,0.07385677723080619
1928,438,0.5316915317912251
1929,163,-0.023992286237878194
1930,168,1.0
1931,168,1.0
1932,168,1.0
1933,72,1.0
1934,168,1.0
1935,8,0.32009158577580543
1936,23,1.0
1937,313,0.09895855621485039
1938,35,0.4324130232987036
1939,504,0.12527526855046917
1940,275,0.5527701579854186
1941,611,0.46970524158582333
1942,611,0.46970524158582333
1943,611,0.46970524158582333
1944,611,0.46970524158582333
1945,611,0.46970524158582333
1946,611,0.46970524158582333
1947,611,0.46970524158582333
1948,611,0.46970524158582333
1949,23,1.0
1950,72,1.0
1951,215,1.0
1952,215,1.0
1953,215,1.0
1954,215,1.0
1955,215,1.0
1956,545,-0.1498553382216684
1957,269,1.0
1958,269,1.0
1959,269,1.0
1960,142,1.0
1961,742,0.1868501574145206
1962,72,1.0
1963,72,1.0
1964,406,0.42271488552452796
1965,406,0.42271488552452796
1966,406,0.42271488552452796
1967,406,0.42271488552452796
1968,269,1.0
1969,168,1.0
1970,564,0.8534095368545228
1971,543,0.657512447692139
1972,543,0.657512447692139
1973,72,1.0
1974,339,0.7932295913750158
1975,339,0.7932295913750158
1976,339,0.7932295913750158
1977,339,0.7932295913750158
1978,339,0.7932295913750158
1979,339,0.7932295913750158
1980,339,0.7932295913750158
1981,339,0.7932295913750158
1982,339,0.7932295913750158
1983,339,0.7932295913750158
1984,339,0.7932295913750158
1985,339,0.7932295913750158
1986,312,0.4701575183041372
1987,72,1.0
1988,222,0.45768310135908663
1989,72,1.0
1990,698,0.1574167656793191
1991,644,0.07478123786370591
1992,622,0.6723784472291408
1993,622,0.6723784472291408
1994,622,0.6723784472291408
1995,622,0.6723784472291408
1996,8,0.233279674168
1997,648,-0.026584713089898935
1998,543,0.657512447692139
1999,543,0.657512447692139
2000,72,1.0
2001,266,0.09546748553422282
2002,168,1.0
2003,221,0.39621266527310195
2004,221,0.39621266527310195
2005,221,0.39621266527310195
2006,168,1.0
2007,535,1.0
2008,535,1.0
2009,535,1.0
2010,535,1.0
2011,535,1.0
2012,535,1.0
2013,535,1.0
2014,535,1.0
2015,535,1.0
2016,583,-0.18438688903826056
2017,98,0.28450117929714513
2018,98,0.28450117929714513
2019,98,0.28450117929714513
2020,308,0.11685544182297011
2021,308,0.11685544182297011
2022,623,0.016446780813667874
2023,305,0.21671092451789134
2024,334,0.07711312283570276
2025,611,0.21434918265554803
2026,611,0.21434918265554803
2027,611,0.21434918265554803
2028,168,1.0
2029,23,1.0
2030,716,0.3805024108419155
2031,116,0.17647705823053295
2032,22,0.22571753644889897
2033,22,0.22571753644889897
2034,22,0.22571753644889897
2035,110,0.1983862222004039
2036,110,0.1983862222004039
2037,8,0.5520461117117214
2038,319,0.06572183692761788
2039,613,0.022130848860955156
2040,168,1.0
2041,725,-0.03819168894721215
2042,269,1.0
2043,72,1.0
2044,12,0.3687329073344209
2045,12,0.3687329073344209
2046,12,0.3687329073344209
2047,305,0.4264022026333996
2048,631,1.0
2049,631,1.0
2050,420,0.162447357379397
2051,631,1.0
2052,631,1.0
2053,72,1.0
2054,269,1.0
2055,496,0.3934368260784662
2056,312,0.1651747526275063
2057,23,1.0
2058,168,1.0
2059,402,0.019525828103893843
2060,72,1.0
2061,303,0.47029178045206815
2062,303,0.47029178045206815
2063,303,0.47029178045206815
2064,168,1.0
2065,269,1.0
2066,269,1.0
2067,72,1.0
2068,231,0.06708036442085939
2069,274,0.09263029246537677
2070,544,0.25187370852162466
2071,544,0.25187370852162466
2072,538,0.8297846179172325
2073,168,1.0
2074,72,1.0
2075,72,1.0
2076,2,1.0
2077,2,1.0
2078,2,1.0
2079,625,0.34187142536753007
2080,411,0.5543414374604066
2081,23,1.0
2082,142,1.0
2083,168,1.0
2084,72,1.0
2085,509,0.34879722421282455
2086,509,0.34879722421282455
2087,694,0.5976133397586374
2088,23,1.0
2089,72,1.0
2090,0,0.11985763982495824
2091,0,0.11985763982495824
2092,72,1.0
2093,320,0.1906458618631978
2094,320,0.1906458618631978
2095,72,1.0
2096,23,1.0
2097,168,1.0
2098,168,1.0
2099,168,1.0
2100,168,1.0
2101,647,0.12413190286331856
2102,747,0.39932202949725343
2103,747,0.39932202949725343
2104,747,0.39932202949725343
2105,305,0.4264022026333996
2106,251,0.1513349520476642
2107,411,0.5394168754619655
2108,142,1.0
2109,113,0.32848451847582466
2110,113,0.32848451847582466
2111,113,0.32848451847582466
2112,749,0.14830980981468722
2113,168,1.0
2114,277,1.0
2115,434,0.307375074059715
2116,434,0.307375074059715
2117,434,0.307375074059715
2118,434,0.307375074059715
2119,325,0.3358434005147192
2120,533,1.0
2121,165,0.07902186814446664
2122,529,0.19433787569061017
2123,23,1.0
2124,72,1.0
2125,313,0.3047675871560464
2126,23,1.0
2127,168,1.0
2128,72,1.0
2129,336,0.1452846188023994
2130,614,-0.003938754656903341
2131,322,0.1396441462354799
2132,322,0.1396441462354799
2133,29,0.0768740147130572
2134,168,1.0
2135,72,1.0
2136,53,0.08061998554605435
2137,333,0.2582112953156184
2138,333,0.2582112953156184
2139,333,0.2582112953156184
2140,267,0.40395320304498045
2141,142,1.0
2142,480,0.16440229165863732
2143,72,1.0
2144,269,1.0
2145,452,0.4495841798673352
2146,452,0.4495841798673352
2147,452,0.4495841798673352
2148,105,-0.18214678785146646
2149,168,1.0
2150,190,0.3796722827570366
2151,325,0.5781757588421997
2152,168,1.0
2153,444,0.0
2154,312,0.4701575183041372
2155,616,1.0
2156,514,0.1387354270395797
2157,281,0.39854784484233124
2158,281,0.39854784484233124
2159,281,0.39854784484233124
2160,713,0.5588260579596235
2161,563,1.0
2162,707,0.15226589949679747
2163,313,0.3077315398618657
2164,420,0.31358347489836746
2165,420,0.31358347489836746
2166,420,0.31358347489836746
2167,375,0.9999999387888264
2168,375,0.9999999387888264
2169,375,0.9999999387888264
2170,375,0.9999999387888264
2171,375,0.9999999387888264
2172,375,0.9999999387888264
2173,375,0.9999999387888264
2174,375,0.9999999387888264
2175,375,0.9999999387888264
2176,448,0.6556146254707941
2177,448,0.6556146254707941
2178,448,0.6556146254707941
2179,448,0.6556146254707941
2180,168,1.0
2181,611,0.23697100663107473
2182,611,0.23697100663107473
2183,611,0.23697100663107473
2184,542,0.25486270819017176
2185,25,1.0
2186,25,1.0
2187,25,1.0
2188,25,1.0
2189,139,0.550105448133228
2190,139,0.550105448133228
2191,139,0.550105448133228
2192,139,0.550105448133228
2193,312,0.4701575183041372
2194,73,0.02552723176007297
2195,625,0.11508287223407891
2196,713,0.5588260579596235
2197,713,0.5588260579596235
2198,713,0.5588260579596235
2199,713,0.5588260579596235
2200,713,0.5588260579596235
2201,405,0.44386476195202135
2202,309,-0.10184910164552474
2203,634,0.18967949611093587
2204,344,0.35160730952164215
2205,269,1.0
2206,72,1.0
2207,72,1.0
2208,581,0.7376466967949085
2209,142,1.0
2210,650,0.804572717447458
2211,650,0.804572717447458
2212,308,0.5721803873597381
2213,308,0.5721803873597381
2214,308,0.5721803873597381
2215,308,0.5721803873597381
2216,308,0.5721803873597381
2217,308,0.5721803873597381
2218,321,0.13141349153282056
2219,543,0.657512447692139
2220,122,0.13078198224310544
2221,122,0.13078198224310544
2222,542,0.0975482183275705
2223,279,0.29160681842122294
2224,168,1.0
2225,269,1.0
2226,269,1.0
2227,168,1.0
2228,533,1.0
2229,142,1.0
2230,23,1.0
2231,320,0.2639500034845449
2232,320,0.2639500034845449
2233,625,0.26890960674753506
2234,72,1.0
2235,72,1.0
2236,296,0.26813998265076056
2237,269,1.0
2238,168,1.0
2239,206,0.6798517950903881
2240,163,0.5227828566683604
2241,163,0.5227828566683604
2242,72,1.0
2243,106,0.0
2244,168,1.0
2245,371,0.10908663718424333
2246,371,0.10908663718424333
2247,190,0.07726245267468976
2248,312,0.05265956547145478
2249,484,0.575250607962142
2250,484,0.575250607962142
2251,484,0.575250607962142
2252,484,0.575250607962142
2253,312,0.4701575183041372
2254,72,1.0
2255,167,0.0
2256,23,1.0
2257,420,-0.05908668484733084
2258,291,1.0
2259,438,0.05792602928783845
2260,168,1.0
2261,142,1.0
2262,168,1.0
2263,499,0.007168440371936331
2264,496,0.3934368260784662
2265,511,0.15952770272105668
2266,281,-0.07626579267085115
2267,631,1.0
2268,313,0.2868718199366827
2269,377,0.15996704168829123
2270,377,0.15996704168829123
2271,575,0.1554451565434014
2272,575,0.1554451565434014
2273,251,0.13752208665868434
2274,190,0.38037527926282066
2275,190,0.38037527926282066
2276,168,1.0
2277,269,1.0
2278,275,0.6170846273610278
2279,275,0.6170846273610278
2280,631,1.0
2281,168,1.0
2282,112,0.4080917223405147
2283,112,0.4080917223405147
2284,112,0.4080917223405147
2285,190,0.3796722827570366
2286,170,0.211557346831776
2287,141,0.5561452211008645
2288,141,0.5561452211008645
2289,140,-0.22385963906812426
2290,103,0.12342573964650937
2291,168,1.0
2292,522,0.5271171253517712
2293,522,0.5271171253517712
2294,522,0.5271171253517712
2295,522,0.5271171253517712
2296,513,0.050690128788774796
2297,406,0.16938684797974554
2298,406,0.16938684797974554
2299,275,0.10334491051558194
2300,122,0.19390288222368585
2301,122,0.19390288222368585
2302,122,0.19390288222368585
2303,122,0.19390288222368585
2304,72,1.0
2305,267,-0.009978072146532768
2306,72,1.0
2307,72,1.0
2308,168,1.0
2309,87,-0.060770133738148206
2310,563,1.0
2311,400,0.3944394528041252
2312,400,0.3944394528041252
2313,459,0.0
2314,72,1.0
2315,168,1.0
2316,168,1.0
2317,214,0.0
2318,533,1.0
2319,533,1.0
2320,480,0.06285935674398183
2321,263,0.5371772648844995
2322,263,0.5371772648844995
2323,263,0.5371772648844995
2324,263,0.5371772648844995
2325,263,0.5371772648844995
2326,263,0.5371772648844995
2327,263,0.5371772648844995
2328,263,0.5371772648844995
2329,333,0.08850281589026303
2330,23,1.0
2331,259,0.11738879245093517
2332,313,0.3077315398618657
2333,68,0.999999976168968
2334,68,0.999999976168968
2335,68,0.999999976168968
2336,68,0.999999976168968
2337,68,0.999999976168968
2338,72,1.0
2339,528,1.0
2340,528,1.0
2341,528,1.0
2342,528,1.0
2343,528,1.0
2344,640,-0.15924230045707313
2345,82,0.2624959223411899
2346,168,1.0
2347,72,1.0
2348,313,0.0745378485087376
2349,451,0.4297179160184388
2350,269,1.0
2351,538,0.8297846179172325
2352,210,0.0
2353,405,0.44386476195202135
2354,198,1.0
2355,198,1.0
2356,198,1.0
2357,198,1.0
2358,198,1.0
2359,168,1.0
2360,451,0.8159749296337424
2361,168,1.0
2362,168,1.0
2363,168,1.0
2364,72,1.0
2365,168,1.0
2366,269,1.0
2367,27,0.8433714070754528
2368,416,1.0
2369,696,0.678097727451873
2370,696,0.678097727451873
2371,168,1.0
2372,72,1.0
2373,168,1.0
2374,168,1.0
2375,590,-0.0038912518320106566
2376,72,1.0
2377,337,0.039679863321256684
2378,168,1.0
2379,168,1.0
2380,164,0.3662609415787205
2381,164,0.3662609415787205
2382,164,0.3662609415787205
2383,72,1.0
2384,269,1.0
2385,73,-0.06633184978366671
2386,168,1.0
2387,269,1.0
2388,387,0.9999999340540233
2389,387,0.9999999340540233
2390,387,0.9999999340540233
2391,387,0.9999999340540233
2392,387,0.9999999340540233
2393,387,0.9999999340540233
2394,168,1.0
2395,168,1.0
2396,379,0.4669884100381589
2397,379,0.4669884100381589
2398,379,0.4669884100381589
2399,72,1.0
2400,168,1.0
2401,168,1.0
2402,19,0.15745869140667546
2403,19,0.15745869140667546
2404,19,0.15745869140667546
2405,543,0.2541957758020158
2406,493,0.19736828105095705
2407,8,0.3627295534656289
2408,296,0.08390661098672036
2409,230,1.0
2410,230,1.0
2411,230,1.0
2412,230,1.0
2413,230,1.0
2414,230,1.0
2415,313,0.08822859620473186
2416,168,1.0
2417,271,0.1491445532606916
2418,469,0.42411220578021597
2419,381,0.15456003981314828
2420,23,1.0
2421,533,1.0
2422,232,0.22134905313607764
2423,168,1.0
2424,168,1.0
2425,168,1.0
2426,72,1.0
2427,168,1.0
2428,513,0.06600868171121592
2429,513,0.06600868171121592
2430,643,0.26426359906778357
2431,643,0.26426359906778357
2432,72,1.0
2433,54,0.4225556828568191
2434,54,0.4225556828568191
2435,54,0.4225556828568191
2436,168,1.0
2437,445,0.3843232332301808
2438,445,0.3843232332301808
2439,445,0.3843232332301808
2440,72,1.0
2441,59,0.12456109979488952
2442,623,0.24560419959942179
2443,623,0.24560419959942179
2444,72,1.0
2445,269,1.0
2446,290,-0.031057913528967362
2447,625,0.34187142536753007
2448,72,1.0
2449,290,0.12467559169528976
2450,575,0.11913667173310817
2451,575,0.11913667173310817
2452,168,1.0
2453,23,1.0
2454,269,1.0
2455,692,0.13708017732626834
2456,23,1.0
2457,22,0.07476603111888873
2458,22,0.07476603111888873
2459,708,0.03846545062237573
2460,410,0.3983042244328057
2461,566,0.39614344561155956
2462,269,1.0
2463,321,0.07538166343000856
2464,142,1.0
2465,152,1.0
2466,152,1.0
2467,152,1.0
2468,152,1.0
2469,152,1.0
2470,644,0.46143860203972953
2471,644,0.46143860203972953
2472,644,0.46143860203972953
2473,312,0.45603806774860767
2474,312,0.45603806774860767
2475,168,1.0
2476,344,0.17557928302339904
2477,23,1.0
2478,696,0.678097727451873
2479,696,0.678097727451873
2480,696,0.678097727451873
2481,272,0.4461874193564681
2482,272,0.4461874193564681
2483,272,0.4461874193564681
2484,272,0.4461874193564681
2485,272,0.4461874193564681
2486,272,0.4461874193564681
2487,368,-0.08368382182376778
2488,168,1.0
2489,277,1.0
2490,72,1.0
2491,451,0.6296620488177882
2492,23,1.0
2493,168,1.0
2494,227,0.19245199701324364
2495,142,1.0
2496,142,1.0
2497,142,1.0
2498,168,1.0
2499,142,1.0
2500,142,1.0
2501,568,0.5395471624346664
2502,568,0.5395471624346664
2503,269,1.0
2504,220,0.1265488077100437
2505,529,-0.04335208162498112
2506,168,1.0
2507,696,0.678097727451873
2508,696,0.678097727451873
2509,696,0.678097727451873
2510,340,0.21249794698771804
2511,691,0.33467871388071985
2512,691,0.33467871388071985
2513,691,0.33467871388071985
2514,72,1.0
2515,72,1.0
2516,716,0.20691705003252117
2517,716,0.20691705003252117
2518,716,0.20691705003252117
2519,716,0.20691705003252117
2520,564,0.8534095368545228
2521,566,0.7186159424554645
2522,399,0.23438926258839132
2523,399,0.23438926258839132
2524,399,0.23438926258839132
2525,445,0.418078504806246
2526,445,0.418078504806246
2527,252,0.012136527656686163
2528,23,1.0
2529,131,0.11344959357500164
2530,131,0.11344959357500164
2531,131,0.11344959357500164
2532,23,1.0
2533,72,1.0
2534,168,1.0
2535,72,1.0
2536,626,-0.054428800785851515
2537,269,1.0
2538,146,0.12222825280910898
2539,716,0.3805024108419155
2540,143,0.0
2541,72,1.0
2542,514,0.1386567500317611
2543,72,1.0
2544,581,0.029342639912827432
2545,548,0.06921462434320172
2546,619,0.06191941400732555
2547,313,0.5028835724488624
2548,541,0.28327381096549886
2549,533,1.0
2550,274,0.3869227328662119
2551,543,0.657512447692139
2552,541,0.0020520639246172936
2553,54,0.4425990845711446
2554,54,0.4425990845711446
2555,54,0.4425990845711446
2556,619,0.5499878921480853
2557,72,1.0
2558,168,1.0
2559,637,0.43735587307461626
2560,538,0.18819723997596186
2561,696,0.678097727451873
2562,72,1.0
2563,361,0.48176818648512837
2564,361,0.48176818648512837
2565,361,0.48176818648512837
2566,72,1.0
2567,251,0.1881740150180326
2568,72,1.0
2569,89,0.11578809297031574
2570,533,1.0
2571,72,1.0
2572,690,0.1465985053463807
2573,690,0.1465985053463807
2574,72,1.0
2575,335,0.4996510685946623
2576,335,0.4996510685946623
2577,335,0.4996510685946623
2578,335,0.4996510685946623
2579,269,1.0
2580,72,1.0
2581,168,1.0
2582,411,0.5543414374604066
2583,34,0.06665957303500615
2584,672,0.10347683147337063
2585,672,0.10347683147337063
2586,344,0.003922509985803585
2587,168,1.0
2588,72,1.0
2589,28,0.0
2590,405,0.44386476195202135
2591,279,0.4733935984545472
2592,279,0.4733935984545472
2593,279,0.4733935984545472
2594,203,0.08418478750472773
2595,165,0.2911111069658967
2596,474,0.6070427222276025
2597,474,0.6070427222276025
2598,474,0.6070427222276025
2599,469,0.3494296364782659
2600,168,1.0
2601,23,1.0
2602,191,-0.028674831448930748
2603,275,0.6170846273610278
2604,23,1.0
2605,724,0.16555348304181897
2606,123,1.0
2607,123,1.0
2608,34,0.03501350523601973
2609,744,0.08201771250902534
2610,272,-0.04935760100346693
2611,168,1.0
2612,313,0.5028835724488624
2613,491,0.10292672376903927
2614,491,0.10292672376903927
2615,116,0.20880742548343847
2616,109,0.2886612120010951
2617,744,0.24881978052664142
2618,744,0.24881978052664142
2619,23,1.0
2620,72,1.0
2621,72,1.0
2622,121,-0.058828371920068755
2623,564,0.8534095368545228
2624,729,0.9999999553410421
2625,729,0.9999999553410421
2626,729,0.9999999553410421
2627,729,0.9999999553410421
2628,729,0.9999999553410421
2629,438,0.33050563612859446
2630,489,0.28479350222086963
2631,107,0.09480925790417116
2632,269,1.0
2633,269,1.0
2634,489,0.22084414381744444
2635,142,1.0
2636,148,0.19464460010305154
2637,148,0.19464460010305154
2638,148,0.19464460010305154
2639,148,0.19464460010305154
2640,142,1.0
2641,72,1.0
2642,82,0.04949826058891974
2643,312,0.4701575183041372
2644,168,1.0
2645,542,0.09837793908243565
2646,119,0.25142476461161456
2647,8,0.5520461117117214
2648,222,0.45768310135908663
2649,222,0.45768310135908663
2650,222,0.45768310135908663
2651,438,0.5316915317912251
2652,142,1.0
2653,423,0.2524150072794954
2654,269,1.0
2655,637,0.2905934823105253
2656,142,1.0
2657,142,1.0
2658,168,1.0
2659,72,1.0
2660,72,1.0
2661,168,1.0
2662,313,0.5028835724488624
2663,698,0.2701261409631082
2664,698,0.2701261409631082
2665,23,1.0
2666,52,0.6309524093081391
2667,635,0.2838559243080144
2668,635,0.2838559243080144
2669,635,0.2838559243080144
2670,269,1.0
2671,72,1.0
2672,72,1.0
2673,142,1.0
2674,298,0.13437989944413387
2675,324,0.21498028617160722
2676,324,0.21498028617160722
2677,72,1.0
2678,168,1.0
2679,312,0.4701575183041372
2680,312,0.4701575183041372
2681,51,-0.2633907606703908
2682,168,1.0
2683,168,1.0
2684,203,0.2649159571616948
2685,269,1.0
2686,297,0.2631122282519936
2687,297,0.2631122282519936
2688,269,1.0
2689,651,0.0
2690,72,1.0
2691,357,0.35126100877064176
2692,357,0.35126100877064176
2693,357,0.35126100877064176
2694,437,0.30181229599132886
2695,437,0.30181229599132886
2696,437,0.30181229599132886
2697,437,0.30181229599132886
2698,437,0.30181229599132886
2699,23,1.0
2700,438,0.20995345794695713
2701,438,0.20995345794695713
2702,489,0.06671101298965629
2703,332,0.06724881549394203
2704,168,1.0
2705,205,0.8305662095189452
2706,205,0.8305662095189452
2707,205,0.8305662095189452
2708,205,0.8305662095189452
2709,205,0.8305662095189452
2710,72,1.0
2711,109,0.0960408128993547
2712,72,1.0
2713,72,1.0
2714,629,-0.24327941310572476
2715,428,0.08595489960813875
2716,142,1.0
2717,72,1.0
2718,522,0.04981539375103919
2719,72,1.0
2720,747,0.44796012957110104
2721,747,0.44796012957110104
2722,747,0.44796012957110104
2723,747,0.44796012957110104
2724,576,0.472883595786516
2725,576,0.472883595786516
2726,576,0.472883595786516
2727,576,0.472883595786516
2728,576,0.472883595786516
2729,566,0.7186159424554645
2730,566,0.7186159424554645
2731,566,0.7186159424554645
2732,411,0.043430103634505224
2733,168,1.0
2734,581,0.7376466967949085
2735,640,-0.036086464033187174
2736,359,0.6265564649852313
2737,359,0.6265564649852313
2738,359,0.6265564649852313
2739,359,0.6265564649852313
2740,142,1.0
2741,142,1.0
2742,312,0.11748833067085232
2743,614,0.30416650032177006
2744,614,0.30416650032177006
2745,168,1.0
2746,72,1.0
2747,23,1.0
2748,168,1.0
2749,168,1.0
2750,168,1.0
2751,410,0.3983042244328057
2752,162,-0.07421485247563214
2753,716,0.3805024108419155
2754,498,0.0
2755,429,1.0
2756,429,1.0
2757,429,1.0
2758,429,1.0
2759,429,1.0
2760,168,1.0
2761,168,1.0
2762,529,-0.04215842730480234
2763,400,0.452271860575464
2764,400,0.452271860575464
2765,696,0.2728067174331806
2766,272,0.09058443476996626
2767,76,0.4680900119686353
2768,201,0.00037477566983712835
2769,504,0.03901036692537063
2770,363,0.08867205696223181
2771,191,0.050863815860957666
2772,169,1.0
2773,169,1.0
2774,169,1.0
2775,169,1.0
2776,340,-0.0011679049262769314
2777,460,0.01719737456759698
2778,49,1.0
2779,49,1.0
2780,94,0.3877331833649126
2781,94,0.3877331833649126
2782,23,1.0
2783,667,-0.010065010728729864
2784,173,-0.005656963686101498
2785,541,0.28327381096549886
2786,72,1.0
2787,623,0.09144631133604582
2788,623,0.09144631133604582
2789,72,1.0
2790,738,0.0
2791,72,1.0
2792,168,1.0
2793,251,0.03368995802292323
2794,72,1.0
2795,168,1.0
2796,421,0.08544535185251133
2797,168,1.0
2798,271,0.2926730172614279
2799,749,0.017243603440344174
2800,72,1.0
2801,72,1.0
2802,73,0.32073897848032984
2803,73,0.32073897848032984
2804,644,0.14460130199568408
2805,220,0.3541279345935454
2806,327,0.057408175738752794
2807,46,0.0
2808,564,0.8534095368545228
2809,168,1.0
2810,72,1.0
2811,72,1.0
2812,168,1.0
2813,708,0.1498178834377614
2814,36,-0.16026979719322088
2815,23,1.0
2816,234,1.0
2817,234,1.0
2818,234,1.0
2819,222,0.19228830297067626
2820,324,-0.08726810811242454
2821,290,0.019469727441780566
2822,472,0.33978143597381427
2823,472,0.33978143597381427
2824,472,0.33978143597381427
2825,460,0.3055652015227532
2826,460,0.3055652015227532
2827,460,0.3055652015227532
2828,168,1.0
2829,174,0.39660030824311826
2830,174,0.39660030824311826
2831,72,1.0
2832,542,0.22606433254649966
2833,542,0.22606433254649966
2834,72,1.0
2835,142,1.0
2836,168,1.0
2837,168,1.0
2838,272,0.13235237204424083
2839,272,0.13235237204424083
2840,168,1.0
2841,320,0.21041553018782028
2842,432,0.5569164802279826
2843,432,0.5569164802279826
2844,432,0.5569164802279826
2845,269,1.0
2846,269,1.0
2847,34,0.234138674583299
2848,34,0.234138674583299
2849,34,0.234138674583299
2850,277,1.0
2851,313,0.3047675871560464
2852,72,1.0
2853,79,0.326397644952302
2854,72,1.0
2855,30,0.2883310123927941
2856,30,0.2883310123927941
2857,30,0.2883310123927941
2858,30,0.2883310123927941
2859,639,0.4423014461965789
2860,164,0.577056440721849
2861,164,0.577056440721849
2862,164,0.577056440721849
2863,164,0.577056440721849
2864,466,0.31191138163318743
2865,23,1.0
2866,438,0.20273769767375124
2867,113,0.03531905199499613
2868,72,1.0
2869,23,1.0
2870,190,0.38037527926282066
2871,499,0.762455246515118
2872,499,0.762455246515118
2873,499,0.762455246515118
2874,499,0.762455246515118
2875,72,1.0
2876,23,1.0
2877,36,0.2804760019805256
2878,72,1.0
2879,72,1.0
2880,251,0.14545772226671264
2881,78,0.12272451380387257
2882,78,0.12272451380387257
2883,26,0.1697416538754788
2884,26,0.1697416538754788
2885,26,0.1697416538754788
2886,168,1.0
2887,72,1.0
2888,142,1.0
2889,282,0.4249136969399237
2890,282,0.4249136969399237
2891,282,0.4249136969399237
2892,72,1.0
2893,694,0.5976133397586374
2894,165,0.09800311253541273
2895,168,1.0
2896,313,0.3077315398618657
2897,513,0.06703124382057127
2898,313,0.5028835724488624
2899,598,-0.05716609623266055
2900,667,-0.08838004463141516
2901,587,0.06626373476203092
2902,290,0.17153867527682962
2903,691,0.15535716216266596
2904,637,0.658374640293497
2905,340,0.14270424883917862
2906,27,0.9190662965075527
2907,27,0.9190662965075527
2908,144,0.3304013305955582
2909,144,0.3304013305955582
2910,72,1.0
2911,438,0.5316915317912251
2912,23,1.0
2913,222,0.45768310135908663
2914,222,0.45768310135908663
2915,72,1.0
2916,63,0.14722037618677491
2917,313,0.1154011014651043
2918,162,0.0596611858212557
2919,344,0.2055744271597646
2920,119,0.31136447173184917
2921,448,0.04448417595476242
2922,23,1.0
2923,490,0.9999999364020955
2924,490,0.9999999364020955
2925,271,0.11309839471657965
2926,168,1.0
2927,168,1.0
2928,311,0.12361106507088541
2929,397,0.18177780642705418
2930,716,0.2030232263616416
2931,72,1.0
2932,269,1.0
2933,293,-0.0022337296067185776
2934,168,1.0
2935,542,0.25486270819017176
2936,76,0.4680900119686353
2937,269,1.0
2938,581,0.3377698610642725
2939,277,1.0
2940,277,1.0
2941,277,1.0
2942,277,1.0
2943,190,0.3796722827570366
2944,564,0.8534095368545228
2945,72,1.0
2946,89,0.024598471731019096
2947,291,1.0
2948,142,1.0
2949,142,1.0
2950,192,0.9999999837911181
2951,192,0.9999999837911181
2952,192,0.9999999837911181
2953,619,0.5499878921480853
2954,72,1.0
2955,401,0.008343111871031301
2956,267,0.5824315882253114
2957,297,0.4880532131852165
2958,297,0.4880532131852165
2959,297,0.4880532131852165
2960,690,0.6599893891218173
2961,690,0.6599893891218173
2962,690,0.6599893891218173
2963,690,0.6599893891218173
2964,690,0.6599893891218173
2965,637,0.2905934823105253
2966,72,1.0
2967,168,1.0
2968,615,-0.008191513251953867
2969,372,0.2656189593499303
2970,372,0.2656189593499303
2971,327,-0.07143588937202996
2972,570,0.09820138853610103
2973,581,0.7376466967949085
2974,168,1.0
2975,427,0.11738867918124765
2976,427,0.11738867918124765
2977,14,1.0
2978,14,1.0
2979,14,1.0
2980,14,1.0
2981,8,0.397677761932431
2982,142,1.0
2983,251,0.18053481645525132
2984,72,1.0
2985,72,1.0
2986,296,0.1264999624196241
2987,168,1.0
2988,338,0.0
2989,72,1.0
2990,312,0.45603806774860767
2991,312,0.45603806774860767
2992,312,0.45603806774860767
2993,168,1.0
2994,496,0.43022368580382375
2995,168,1.0
2996,227,0.19245199701324364
2997,221,0.39621266527310195
2998,72,1.0
2999,379,0.2825103445730202
3000,379,0.2825103445730202
3001,480,0.06929455092673825
3002,168,1.0
3003,168,1.0
3004,142,1.0
3005,416,1.0
3006,32,0.22484771716012905
3007,581,0.7376466967949085
3008,72,1.0
3009,269,1.0
3010,730,0.022007264449860144
3011,730,0.022007264449860144
3012,52,0.07190954536150435
3013,504,0.10424982019984758
3014,704,0.15521335179545026
3015,168,1.0
3016,26,0.20799363155923312
3017,26,0.20799363155923312
3018,311,0.05448457887440061
3019,542,0.25486270819017176
3020,563,1.0
3021,489,0.16228530011683961
3022,732,1.0
3023,732,1.0
3024,732,1.0
3025,704,0.46469966904346083
3026,704,0.46469966904346083
3027,704,0.46469966904346083
3028,663,-0.07055417364551028
3029,269,1.0
3030,72,1.0
3031,72,1.0
3032,72,1.0
3033,72,1.0
3034,371,0.22192950631366082
3035,371,0.22192950631366082
3036,371,0.22192950631366082
3037,371,0.22192950631366082
3038,72,1.0
3039,142,1.0
3040,63,0.4421131964369053
3041,63,0.4421131964369053
3042,63,0.4421131964369053
3043,63,0.4421131964369053
3044,12,0.0266760044392332
3045,267,0.5824315882253114
3046,23,1.0
3047,72,1.0
3048,432,0.029985547181039542
3049,72,1.0
3050,589,0.1953766002411274
3051,589,0.1953766002411274
3052,589,0.1953766002411274
3053,72,1.0
3054,451,0.8159749296337424
3055,168,1.0
3056,420,0.15116495848216777
3057,704,0.075899296630649
3058,72,1.0
3059,193,0.6498551468181754
3060,193,0.6498551468181754
3061,193,0.6498551468181754
3062,193,0.6498551468181754
3063,296,0.15631058803416698
3064,619,0.09905912055394189
3065,625,0.35815962889138875
3066,661,1.0
3067,686,1.0
3068,142,1.0
3069,290,-0.021506095430294202
3070,561,0.35273616701920657
3071,561,0.35273616701920657
3072,561,0.35273616701920657
3073,563,1.0
3074,71,1.0
3075,71,1.0
3076,71,1.0
3077,71,1.0
3078,71,1.0
3079,71,1.0
3080,741,0.19938181824863452
3081,741,0.19938181824863452
3082,23,1.0
3083,397,0.781617593014477
3084,397,0.781617593014477
3085,397,0.781617593014477
3086,397,0.781617593014477
3087,438,0.33050563612859446
3088,157,0.0
3089,415,0.7711615238320287
3090,415,0.7711615238320287
3091,415,0.7711615238320287
3092,415,0.7711615238320287
3093,168,1.0
3094,168,1.0
3095,411,0.5543414374604066
3096,411,0.5543414374604066
3097,72,1.0
3098,520,0.9999999358554452
3099,520,0.9999999358554452
3100,520,0.9999999358554452
3101,520,0.9999999358554452
3102,520,0.9999999358554452
3103,520,0.9999999358554452
3104,520,0.9999999358554452
3105,520,0.9999999358554452
3106,708,0.17977191352826027
3107,279,-0.029302756769629356
3108,309,0.022874533762718422
3109,168,1.0
3110,23,1.0
3111,371,0.1908617827354082
3112,271,0.16538287959008094
3113,492,0.07986570202553274
3114,492,0.07986570202553274
3115,194,0.029261833109801696
3116,180,0.06608903161191218
3117,438,0.5316915317912251
3118,72,1.0
3119,266,0.11854848598189952
3120,266,0.11854848598189952
3121,438,0.5316915317912251
3122,23,1.0
3123,23,1.0
3124,168,1.0
3125,344,0.3184435071119204
3126,384,0.1644281728284968
3127,168,1.0
3128,739,0.36906569298760095
3129,419,0.3473426247938892
3130,269,1.0
3131,72,1.0
3132,72,1.0
3133,72,1.0
3134,72,1.0
3135,323,0.16617577174010875
3136,72,1.0
3137,561,0.16921046631368178
3138,438,0.5316915317912251
3139,222,0.3567279109922885
3140,713,0.769667644154371
3141,23,1.0
3142,26,0.42871340117925194
3143,26,0.42871340117925194
3144,26,0.42871340117925194
3145,26,0.42871340117925194
3146,26,0.42871340117925194
3147,26,0.42871340117925194
3148,305,0.0392982598810496
3149,72,1.0
3150,229,1.0
3151,72,1.0
3152,72,1.0
3153,496,0.43022368580382375
3154,514,0.10445153860259838
3155,72,1.0
3156,609,0.5713050713639316
3157,72,1.0
3158,725,0.3205824341606742
3159,23,1.0
3160,168,1.0
3161,72,1.0
3162,72,1.0
3163,392,0.2946249947252508
3164,72,1.0
3165,526,0.2931317492927487
3166,23,1.0
3167,72,1.0
3168,440,0.0
3169,72,1.0
3170,168,1.0
3171,168,1.0
3172,269,1.0
3173,379,0.23661978922518115
3174,379,0.23661978922518115
3175,493,0.24012541082971253
3176,72,1.0
3177,142,1.0
3178,271,0.1530980051600753
3179,492,0.19943316500530525
3180,492,0.19943316500530525
3181,492,0.19943316500530525
3182,142,1.0
3183,118,1.0
3184,694,0.5976133397586374
3185,548,0.12952044730851142
3186,749,0.21312160726700966
3187,749,0.21312160726700966
3188,687,0.33417320828561986
3189,687,0.33417320828561986
3190,687,0.33417320828561986
3191,687,0.33417320828561986
3192,687,0.33417320828561986
3193,72,1.0
3194,168,1.0
3195,116,0.20880742548343847
3196,713,0.769667644154371
3197,713,0.769667644154371
3198,713,0.769667644154371
3199,713,0.769667644154371
3200,713,0.769667644154371
3201,713,0.769667644154371
3202,23,1.0
3203,504,0.25365464023666207
3204,384,0.196106912152236
3205,571,1.0
3206,571,1.0
3207,571,1.0
3208,72,1.0
3209,53,0.050743752718647124
3210,252,0.2853614505204381
3211,252,0.2853614505204381
3212,72,1.0
3213,555,1.0
3214,555,1.0
3215,72,1.0
3216,248,-0.021343105041476323
3217,72,1.0
3218,194,0.011332432752211803
3219,473,0.05110331790809388
3220,29,0.01700456316980311
3221,688,0.16833181380499862
3222,620,1.0
3223,620,1.0
3224,620,1.0
3225,168,1.0
3226,277,1.0
3227,236,0.22554797430807572
3228,236,0.22554797430807572
3229,168,1.0
3230,480,0.056109557197164005
3231,292,0.07177826613484692
3232,292,0.07177826613484692
3233,142,1.0
3234,22,0.3233301121202192
3235,22,0.3233301121202192
3236,22,0.3233301121202192
3237,22,0.3233301121202192
3238,22,0.3233301121202192
3239,142,1.0
3240,168,1.0
3241,269,1.0
3242,492,0.18339057276008283
3243,492,0.18339057276008283
3244,142,1.0
3245,168,1.0
3246,8,0.3627295534656289
3247,168,1.0
3248,305,0.030166217324634922
3249,72,1.0
3250,72,1.0
3251,657,1.0
3252,657,1.0
3253,72,1.0
3254,313,0.22951951359202738
3255,724,0.12098849408493556
3256,168,1.0
3257,72,1.0
3258,168,1.0
3259,591,0.5730462705532546
3260,591,0.5730462705532546
3261,591,0.5730462705532546
3262,591,0.5730462705532546
3263,591,0.5730462705532546
3264,591,0.5730462705532546
3265,168,1.0
3266,504,0.07216072914283207
3267,72,1.0
3268,694,0.3926984201330268
3269,269,1.0
3270,142,1.0
3271,72,1.0
3272,0,0.16731164543119864
3273,0,0.16731164543119864
3274,0,0.16731164543119864
3275,0,0.16731164543119864
3276,281,0.20113177234093066
3277,281,0.20113177234093066
3278,575,0.13181554686076963
3279,575,0.13181554686076963
3280,23,1.0
3281,65,-0.1569944702964663
3282,72,1.0
3283,72,1.0
3284,313,0.2868718199366827
3285,32,0.08046651820667729
3286,324,-0.03521099982481306
3287,581,0.7376466967949085
3288,168,1.0
3289,713,0.20720846839625245
3290,713,0.20720846839625245
3291,168,1.0
3292,671,0.018442846711382316
3293,72,1.0
3294,313,0.5028835724488624
3295,23,1.0
3296,168,1.0
3297,372,0.44738871177461204
3298,372,0.44738871177461204
3299,372,0.44738871177461204
3300,372,0.44738871177461204
3301,72,1.0
3302,72,1.0
3303,72,1.0
3304,72,1.0
3305,72,1.0
3306,72,1.0
3307,72,1.0
3308,72,1.0
3309,213,0.1105031610073251
3310,590,0.032783499391536276
3311,496,0.3934368260784662
3312,583,-0.23080421930281816
3313,168,1.0
3314,168,1.0
3315,168,1.0
3316,749,0.30451389681359625
3317,694,0.5976133397586374
3318,741,0.09354533298670124
3319,741,0.09354533298670124
3320,72,1.0
3321,159,0.009881008714693417
3322,269,1.0
3323,142,1.0
3324,533,1.0
3325,647,0.10102888511522326
3326,142,1.0
3327,78,0.06838079046201011
3328,168,1.0
3329,529,0.07451810978428165
3330,269,1.0
3331,496,0.0737124394791253
3332,23,1.0
3333,72,1.0
3334,72,1.0
3335,8,0.5520461117117214
3336,312,0.4701575183041372
3337,72,1.0
3338,72,1.0
3339,72,1.0
3340,200,0.22285957481986804
3341,200,0.22285957481986804
3342,200,0.22285957481986804
3343,168,1.0
3344,72,1.0
3345,8,0.5520461117117214
3346,72,1.0
3347,72,1.0
3348,264,0.5344608572649377
3349,264,0.5344608572649377
3350,264,0.5344608572649377
3351,264,0.5344608572649377
3352,264,0.5344608572649377
3353,264,0.5344608572649377
3354,168,1.0
3355,183,0.03428924481250923
3356,269,1.0
3357,168,1.0
3358,533,1.0
3359,72,1.0
3360,168,1.0
3361,480,0.4761740203682889
3362,480,0.4761740203682889
3363,480,0.4761740203682889
3364,480,0.4761740203682889
3365,23,1.0
3366,507,0.6761603944863375
3367,507,0.6761603944863375
3368,507,0.6761603944863375
3369,507,0.6761603944863375
3370,507,0.6761603944863375
3371,507,0.6761603944863375
3372,72,1.0
3373,93,0.14879354368879683
3374,461,0.20204338387930906
3375,461,0.20204338387930906
3376,554,0.20378805721610044
3377,277,1.0
3378,277,1.0
3379,277,1.0
3380,277,1.0
3381,277,1.0
3382,277,1.0
3383,589,0.31792174000782997
3384,589,0.31792174000782997
3385,589,0.31792174000782997
3386,663,0.022710138610586805
3387,127,0.5672420095750917
3388,127,0.5672420095750917
3389,271,0.3349731142554933
3390,142,1.0
3391,344,0.27396168151186717
3392,116,0.06564576649092616
3393,72,1.0
3394,76,0.31291906908866357
3395,691,0.3108725396071717
3396,72,1.0
3397,328,1.0
3398,328,1.0
3399,328,1.0
3400,328,1.0
3401,168,1.0
3402,72,1.0
3403,168,1.0
3404,269,1.0
3405,168,1.0
3406,180,0.09599706445894696
3407,168,1.0
3408,296,0.26813998265076056
3409,168,1.0
3410,168,1.0
3411,142,1.0
3412,23,1.0
3413,619,0.5499878921480853
3414,619,0.5499878921480853
3415,168,1.0
3416,269,1.0
3417,72,1.0
3418,4,0.49655506179716924
3419,4,0.49655506179716924
3420,4,0.49655506179716924
3421,4,0.49655506179716924
3422,4,0.49655506179716924
3423,72,1.0
3424,168,1.0
3425,506,-0.012231551537044345
3426,168,1.0
3427,379,0.18892871443478632
3428,379,0.18892871443478632
3429,168,1.0
3430,142,1.0
3431,282,0.021448760305213758
3432,45,1.0
3433,168,1.0
3434,30,0.12610604530306221
3435,168,1.0
3436,236,0.02852306662114899
3437,221,0.39621266527310195
3438,221,0.39621266527310195
3439,221,0.39621266527310195
3440,221,0.39621266527310195
3441,113,0.32864952439282397
3442,516,0.31203962730347345
3443,72,1.0
3444,263,0.20890419536667446
3445,263,0.20890419536667446
3446,323,0.4501561478876865
3447,323,0.4501561478876865
3448,224,0.9999999598097107
3449,224,0.9999999598097107
3450,224,0.9999999598097107
3451,224,0.9999999598097107
3452,251,0.033759904458094604
3453,0,0.23584273092039612
3454,0,0.23584273092039612
3455,533,1.0
3456,168,1.0
3457,168,1.0
3458,296,0.32361111575815504
3459,296,0.32361111575815504
3460,296,0.32361111575815504
3461,296,0.32361111575815504
3462,625,0.11508287223407891
3463,168,1.0
3464,53,0.17165361695247197
3465,53,0.17165361695247197
3466,82,0.2269399750126957
3467,168,1.0
3468,72,1.0
3469,168,1.0
3470,72,1.0
3471,625,0.35815962889138875
3472,625,0.35815962889138875
3473,196,0.5451692762107871
3474,216,0.4535561732898553
3475,216,0.4535561732898553
3476,216,0.4535561732898553
3477,72,1.0
3478,368,0.20201081870968074
3479,15,0.0
3480,72,1.0
3481,168,1.0
3482,397,0.781617593014477
3483,8,0.3627295534656289
3484,533,1.0
3485,29,-0.005246960510698755
3486,277,1.0
3487,78,0.43510522712318866
3488,78,0.43510522712318866
3489,541,0.37032211176860974
3490,541,0.37032211176860974
3491,541,0.37032211176860974
3492,269,1.0
3493,508,0.9999999281577546
3494,508,0.9999999281577546
3495,508,0.9999999281577546
3496,508,0.9999999281577546
3497,598,0.5042197894077617
3498,598,0.5042197894077617
3499,72,1.0
3500,72,1.0
3501,356,0.3348895866820161
3502,226,0.5071038597103813
3503,226,0.5071038597103813
3504,226,0.5071038597103813
3505,226,0.5071038597103813
3506,226,0.5071038597103813
3507,226,0.5071038597103813
3508,168,1.0
3509,168,1.0
3510,72,1.0
3511,72,1.0
3512,313,0.5028835724488624
3513,313,0.5028835724488624
3514,168,1.0
3515,53,0.08061998554605435
3516,402,0.2977008209940342
3517,402,0.2977008209940342
3518,312,0.4701575183041372
3519,112,0.1986584863440035
3520,112,0.1986584863440035
3521,337,-0.038692718484510634
3522,168,1.0
3523,622,-0.03378254784891334
3524,679,0.350035157503368
3525,679,0.350035157503368
3526,679,0.350035157503368
3527,560,0.6513105546675674
3528,560,0.6513105546675674
3529,560,0.6513105546675674
3530,560,0.6513105546675674
3531,142,1.0
3532,142,1.0
3533,168,1.0
3534,438,0.05637998195100577
3535,122,0.23231526934287422
3536,122,0.23231526934287422
3537,122,0.23231526934287422
3538,122,0.23231526934287422
3539,122,0.23231526934287422
3540,122,0.23231526934287422
3541,305,0.07603876028932569
3542,168,1.0
3543,39,0.07482607115231103
3544,72,1.0
3545,563,1.0
3546,72,1.0
3547,72,1.0
3548,450,0.1371567361400319
3549,450,0.1371567361400319
3550,23,1.0
3551,320,0.23370636326014757
3552,694,0.5976133397586374
3553,379,0.049911297903091706
3554,495,0.11313017199389978
3555,749,0.30451389681359625
3556,698,0.11659516308549502
3557,269,1.0
3558,717,-0.060908072231933126
3559,322,0.5173202986216603
3560,322,0.5173202986216603
3561,322,0.5173202986216603
3562,322,0.5173202986216603
3563,322,0.5173202986216603
3564,322,0.5173202986216603
3565,173,0.5572332386860653
3566,173,0.5572332386860653
3567,513,0.24793139638250886
3568,72,1.0
3569,393,0.04840557827220213
3570,72,1.0
3571,613,0.08126487528655277
3572,438,0.5316915317912251
3573,168,1.0
3574,313,0.5028835724488624
3575,168,1.0
3576,168,1.0
3577,269,1.0
3578,274,0.03603611051554661
3579,614,0.2607717768146579
3580,614,0.2607717768146579
3581,614,0.2607717768146579
3582,72,1.0
3583,8,0.32009158577580543
3584,168,1.0
3585,168,1.0
3586,72,1.0
3587,393,0.06363858257496485
3588,142,1.0
3589,168,1.0
3590,23,1.0
3591,23,1.0
3592,72,1.0
3593,12,0.5291588034349218
3594,12,0.5291588034349218
3595,12,0.5291588034349218
3596,269,1.0
3597,269,1.0
3598,168,1.0
3599,136,1.0
3600,72,1.0
3601,72,1.0
3602,368,0.19947089210047458
3603,26,0.23636480775341903
3604,168,1.0
3605,489,0.15286872333157195
3606,708,0.0611814695313363
3607,72,1.0
3608,159,-0.10200751764888814
3609,23,1.0
3610,72,1.0
3611,168,1.0
3612,691,0.30990720265964367
3613,716,0.07684685995297859
3614,168,1.0
3615,513,-0.003820831440728981
3616,426,0.7681156013934366
3617,426,0.7681156013934366
3618,426,0.7681156013934366
3619,426,0.7681156013934366
3620,712,0.0846894111122269
3621,72,1.0
3622,72,1.0
3623,420,0.01009432932720269
3624,420,0.01009432932720269
3625,330,0.9999999803930009
3626,330,0.9999999803930009
3627,570,0.09178985177453465
3628,466,0.2894063160688821
3629,72,1.0
3630,290,0.07480031382704028
3631,121,-0.14884076152419956
3632,466,0.27987405633930496
3633,54,0.2245301234397426
3634,168,1.0
3635,226,0.32767490815213723
3636,226,0.32767490815213723
3637,226,0.32767490815213723
3638,382,0.0
3639,621,0.11993285951224784
3640,631,1.0
3641,97,-0.09966867172947481
3642,45,1.0
3643,719,0.0
3644,533,1.0
3645,725,0.5202796141426913
3646,725,0.5202796141426913
3647,725,0.5202796141426913
3648,725,0.5202796141426913
3649,725,0.5202796141426913
3650,168,1.0
3651,168,1.0
3652,72,1.0
3653,480,0.4761740203682889
3654,411,0.06889219277932128
3655,623,0.16778455070030418
3656,623,0.16778455070030418
3657,168,1.0
3658,168,1.0
3659,228,0.5422676410569481
3660,228,0.5422676410569481
3661,228,0.5422676410569481
3662,228,0.5422676410569481
3663,228,0.5422676410569481
3664,228,0.5422676410569481
3665,168,1.0
3666,319,0.5544729294055697
3667,319,0.5544729294055697
3668,319,0.5544729294055697
3669,445,0.303853891063986
3670,189,0.29481972869686895
3671,352,1.0
3672,352,1.0
3673,352,1.0
3674,352,1.0
3675,466,0.4941340328401853
3676,76,0.2964958911603464
3677,168,1.0
3678,533,1.0
3679,513,0.33166668183058945
3680,513,0.33166668183058945
3681,438,0.5316915317912251
3682,421,0.24787687636040898
3683,421,0.24787687636040898
3684,421,0.24787687636040898
3685,421,0.24787687636040898
3686,97,-0.004773266664850109
3687,23,1.0
3688,269,1.0
3689,72,1.0
3690,631,1.0
3691,411,0.1902603637093348
3692,533,1.0
3693,538,0.8297846179172325
3694,538,0.8297846179172325
3695,365,0.2947989699087767
3696,72,1.0
3697,538,0.8297846179172325
3698,623,0.22764264808406837
3699,623,0.22764264808406837
3700,623,0.22764264808406837
3701,222,0.04768356996973363
3702,644,0.14460130199568408
3703,72,1.0
3704,72,1.0
3705,72,1.0
3706,72,1.0
3707,269,1.0
3708,72,1.0
3709,749,0.05287140446066029
3710,206,0.6798517950903881
3711,97,-0.023124761940351287
3712,168,1.0
3713,257,0.0
3714,313,0.10043554804923377
3715,168,1.0
3716,168,1.0
3717,39,0.1332202367548541
3718,322,0.05163888963530267
3719,31,0.5134362782575042
3720,564,0.8534095368545228
3721,23,1.0
3722,168,1.0
3723,72,1.0
3724,485,0.18782423323387235
3725,72,1.0
3726,23,1.0
3727,312,0.4701575183041372
3728,168,1.0
3729,497,0.9999999570083081
3730,497,0.9999999570083081
3731,497,0.9999999570083081
3732,497,0.9999999570083081
3733,497,0.9999999570083081
3734,497,0.9999999570083081
3735,497,0.9999999570083081
3736,62,-0.1797436228149236
3737,496,0.1281503657439556
3738,72,1.0
3739,20,0.0
3740,23,1.0
3741,72,1.0
3742,227,0.047489396362971795
3743,72,1.0
3744,72,1.0
3745,72,1.0
3746,371,0.11374486037869798
3747,168,1.0
3748,168,1.0
3749,501,0.0
3750,103,0.43606538202413564
3751,650,0.6417600970458233
3752,72,1.0
3753,72,1.0
3754,269,1.0
3755,181,0.46751123026685454
3756,716,0.3805024108419155
3757,336,0.0748655176956243
3758,363,-0.007526249644473933
3759,153,0.15340739969899744
3760,469,0.7754472771568677
3761,190,0.020708373822198707
3762,8,0.3627295534656289
3763,259,0.6885890319548915
3764,259,0.6885890319548915
3765,72,1.0
3766,142,1.0
3767,142,1.0
3768,667,0.04008274426503735
3769,0,0.12732924399918905
3770,72,1.0
3771,292,0.15256337008071588
3772,168,1.0
3773,445,0.320524130036616
3774,445,0.320524130036616
3775,489,0.07238117927592194
3776,442,0.37724352079488965
3777,442,0.37724352079488965
3778,442,0.37724352079488965
3779,442,0.37724352079488965
3780,356,0.6308105980834093
3781,356,0.6308105980834093
3782,168,1.0
3783,713,0.769667644154371
3784,713,0.769667644154371
3785,127,0.7262147552546686
3786,127,0.7262147552546686
3787,127,0.7262147552546686
3788,507,0.38768587400575594
3789,507,0.38768587400575594
3790,507,0.38768587400575594
3791,110,0.1014632685850638
3792,165,0.2911111069658967
3793,504,0.06162014902783787
3794,168,1.0
3795,50,0.9999999358554452
3796,50,0.9999999358554452
3797,50,0.9999999358554452
3798,50,0.9999999358554452
3799,50,0.9999999358554452
3800,50,0.9999999358554452
3801,50,0.9999999358554452
3802,50,0.9999999358554452
3803,50,0.9999999358554452
3804,313,0.2868718199366827
3805,687,0.2848841954403419
3806,687,0.2848841954403419
3807,698,0.11966558964207852
3808,229,1.0
3809,229,1.0
3810,696,0.46621329495154556
3811,72,1.0
3812,118,1.0
3813,168,1.0
3814,72,1.0
3815,561,-0.01728981334143392
3816,698,0.10097682309812758
3817,72,1.0
3818,168,1.0
3819,168,1.0
3820,168,1.0
3821,110,0.3884825917148498
3822,110,0.3884825917148498
3823,168,1.0
3824,72,1.0
3825,713,0.769667644154371
3826,72,1.0
3827,72,1.0
3828,609,0.4095890217631131
3829,296,0.13798778553250143
3830,72,1.0
3831,724,0.057769300500687994
3832,688,0.19510841222126368
3833,142,1.0
3834,581,0.3377698610642725
3835,392,-0.07529947638910234
3836,280,0.0
3837,549,1.0
3838,549,1.0
3839,549,1.0
3840,403,0.5629115359948116
3841,496,0.43022368580382386
3842,496,0.43022368580382386
3843,274,0.2388743664176317
3844,445,0.19485394502346576
3845,445,0.19485394502346576
3846,445,0.19485394502346576
3847,72,1.0
3848,168,1.0
3849,16,1.0
3850,590,0.007304232993026462
3851,72,1.0
3852,72,1.0
3853,232,-0.013733736197378933
3854,506,0.18519055778410276
3855,168,1.0
3856,263,0.211045245791378
3857,263,0.211045245791378
3858,263,0.211045245791378
3859,168,1.0
3860,310,0.5407010632661686
3861,310,0.5407010632661686
3862,310,0.5407010632661686
3863,310,0.5407010632661686
3864,310,0.5407010632661686
3865,310,0.5407010632661686
3866,469,0.7754472771568677
3867,631,1.0
3868,67,-0.019199698170821466
3869,53,0.19317835047578027
3870,53,0.19317835047578027
3871,53,0.19317835047578027
3872,609,0.5713050713639316
3873,609,0.5713050713639316
3874,203,-0.017535399842358457
3875,72,1.0
3876,543,0.2541957758020158
3877,211,1.0
3878,211,1.0
3879,211,1.0
3880,211,1.0
3881,211,1.0
3882,211,1.0
3883,211,1.0
3884,211,1.0
3885,211,1.0
3886,211,1.0
3887,211,1.0
3888,168,1.0
3889,321,0.037091936211757257
3890,168,1.0
3891,72,1.0
3892,168,1.0
3893,168,1.0
3894,168,1.0
3895,516,0.6318709807478121
3896,271,0.35833675775189505
3897,271,0.35833675775189505
3898,271,0.35833675775189505
3899,269,1.0
3900,378,0.08669245576445758
3901,266,0.04797978566365384
3902,266,0.04797978566365384
3903,116,-0.02482977892620853
3904,554,0.338338560261487
3905,376,0.6325852475915915
3906,376,0.6325852475915915
3907,376,0.6325852475915915
3908,376,0.6325852475915915
3909,376,0.6325852475915915
3910,52,0.6309524093081391
3911,562,0.3331667320404602
3912,562,0.3331667320404602
3913,716,0.3805024108419155
3914,411,0.5394168754619655
3915,296,0.22240895007061412
3916,554,0.20458364424696723
3917,554,0.20458364424696723
3918,554,0.20458364424696723
3919,379,0.1334243536434501
3920,379,0.1334243536434501
3921,379,0.1334243536434501
3922,372,0.12386852345663353
3923,372,0.12386852345663353
3924,451,0.6296620488177882
3925,154,0.19309452998845394
3926,154,0.19309452998845394
3927,168,1.0
3928,489,0.009508789391080118
3929,313,0.16323646164375225
3930,228,0.07294545988314859
3931,484,-0.04325233651135077
3932,451,0.6296620488177882
3933,168,1.0
3934,625,0.07877493161318587
3935,72,1.0
3936,216,0.48145344796984724
3937,216,0.48145344796984724
3938,216,0.48145344796984724
3939,216,0.48145344796984724
3940,216,0.48145344796984724
3941,281,0.08797255653189731
3942,281,0.08797255653189731
3943,72,1.0
3944,269,1.0
3945,142,1.0
3946,397,0.781617593014477
3947,269,1.0
3948,437,0.5116258588748642
3949,437,0.5116258588748642
3950,437,0.5116258588748642
3951,437,0.5116258588748642
3952,437,0.5116258588748642
3953,437,0.5116258588748642
3954,437,0.5116258588748642
3955,437,0.5116258588748642
3956,437,0.5116258588748642
3957,394,-0.06617053217270974
3958,196,-0.19873996119155202
3959,538,0.8297846179172325
3960,344,0.24332734462464328
3961,142,1.0
3962,142,1.0
3963,72,1.0
3964,168,1.0
3965,168,1.0
3966,201,0.07426197524013126
3967,201,0.07426197524013126
3968,269,1.0
3969,296,0.0406255860059624
3970,661,1.0
3971,269,1.0
3972,696,0.678097727451873
3973,89,0.5680967846876213
3974,89,0.5680967846876213
3975,89,0.5680967846876213
3976,89,0.5680967846876213
3977,89,0.5680967846876213
3978,72,1.0
3979,168,1.0
3980,495,0.12452097000606364
3981,72,1.0
3982,23,1.0
3983,275,0.5527701579854186
3984,275,0.5527701579854186
3985,275,0.5527701579854186
3986,275,0.5527701579854186
3987,72,1.0
3988,680,0.5770215291367535
3989,680,0.5770215291367535
3990,680,0.5770215291367535
3991,264,-0.005946917660400378
3992,168,1.0
3993,72,1.0
3994,643,-0.08568167902949038
3995,489,0.28479350222086963
3996,72,1.0
3997,269,1.0
3998,168,1.0
3999,153,0.38571415473589876
4000,269,1.0
4001,150,1.0
4002,150,1.0
4003,150,1.0
4004,23,1.0
4005,493,-0.05506754840657806
4006,301,0.056382305369201496
4007,296,0.14385318609572048
4008,142,1.0
4009,554,0.49494872577824195
4010,554,0.49494872577824195
4011,554,0.49494872577824195
4012,554,0.49494872577824195
4013,312,0.09783901782390236
4014,687,0.08494170291581016
4015,687,0.08494170291581016
4016,687,0.08494170291581016
4017,687,0.08494170291581016
4018,544,0.2889755882358332
4019,544,0.2889755882358332
4020,350,1.0
4021,350,1.0
4022,350,1.0
4023,72,1.0
4024,344,0.35652364183882057
4025,142,1.0
4026,332,0.7202547087731024
4027,332,0.7202547087731024
4028,332,0.7202547087731024
4029,672,0.3623712085581867
4030,672,0.3623712085581867
4031,672,0.3623712085581867
4032,672,0.3623712085581867
4033,277,1.0
4034,277,1.0
4035,313,0.3077315398618656
4036,451,0.8159749296337424
4037,378,-0.0327296090656292
4038,312,0.4701575183041372
4039,8,0.5520461117117214
4040,190,0.07726245267468976
4041,72,1.0
4042,277,1.0
4043,292,0.12676787499472114
4044,142,1.0
4045,168,1.0
4046,60,0.37280091646783714
4047,60,0.37280091646783714
4048,438,0.5316915317912251
4049,529,0.06806943749988967
4050,420,0.11958187525626177
4051,289,0.1197163967399139
4052,631,1.0
4053,707,0.39275690312316036
4054,707,0.39275690312316036
4055,168,1.0
4056,303,0.4942200736107635
4057,303,0.4942200736107635
4058,303,0.4942200736107635
4059,581,0.7376466967949085
4060,581,0.7376466967949085
4061,581,0.7376466967949085
4062,86,1.0
4063,86,1.0
4064,86,1.0
4065,269,1.0
4066,544,0.6570306132339564
4067,544,0.6570306132339564
4068,544,0.6570306132339564
4069,544,0.6570306132339564
4070,544,0.6570306132339564
4071,544,0.6570306132339564
4072,544,0.6570306132339564
4073,72,1.0
4074,737,0.5493700231798755
4075,737,0.5493700231798755
4076,737,0.5493700231798755
4077,72,1.0
4078,8,0.397677761932431
4079,251,0.1760267325638995
4080,72,1.0
4081,514,0.1719644246239778
4082,538,0.8297846179172325
4083,637,0.658374640293497
4084,305,0.08165195934921589
4085,494,1.0
4086,494,1.0
4087,421,0.564517237535049
4088,421,0.564517237535049
4089,421,0.564517237535049
4090,421,0.564517237535049
4091,421,0.564517237535049
4092,421,0.564517237535049
4093,460,0.1308381545155264
4094,168,1.0
4095,168,1.0
4096,525,-0.040989980832403315
4097,34,0.06895167070326397
4098,168,1.0
4099,718,0.7870055384416786
4100,718,0.7870055384416786
4101,718,0.7870055384416786
4102,718,0.7870055384416786
4103,696,0.3089946983782622
4104,696,0.3089946983782622
4105,696,0.3089946983782622
4106,97,-0.021617996723378677
4107,419,0.7246261469894105
4108,419,0.7246261469894105
4109,578,-0.18057328861662952
4110,365,0.13640936875598014
4111,434,0.144548639554125
4112,434,0.144548639554125
4113,561,0.33028561152859337
4114,561,0.33028561152859337
4115,561,0.33028561152859337
4116,561,0.33028561152859337
4117,312,0.4701575183041372
4118,72,1.0
4119,59,0.4207192033580614
4120,59,0.4207192033580614
4121,199,0.3659322855129386
4122,72,1.0
4123,168,1.0
4124,206,0.29565709045402144
4125,8,0.5520461117117214
4126,168,1.0
4127,379,0.25604661531343204
4128,269,1.0
4129,698,0.06199558990182177
4130,294,-0.16071176532118628
4131,72,1.0
4132,72,1.0
4133,687,0.3598839484719496
4134,533,1.0
4135,273,0.046493375157319425
4136,168,1.0
4137,253,1.0
4138,253,1.0
4139,253,1.0
4140,269,1.0
4141,72,1.0
4142,16,1.0
4143,269,1.0
4144,122,0.10092774980207671
4145,168,1.0
4146,168,1.0
4147,269,1.0
4148,537,0.15378120475034646
4149,168,1.0
4150,23,1.0
4151,23,1.0
4152,142,1.0
4153,168,1.0
4154,716,0.3805024108419155
4155,168,1.0
4156,666,1.0
4157,666,1.0
4158,165,0.25991200544028753
4159,533,1.0
4160,533,1.0
4161,502,0.07252330791980968
4162,168,1.0
4163,269,1.0
4164,327,0.037810713695488635
4165,267,0.5824315882253114
4166,168,1.0
4167,200,0.31808958470581283
4168,200,0.31808958470581283
4169,200,0.31808958470581283
4170,200,0.31808958470581283
4171,62,-0.15775635256476722
4172,126,0.17198076616415237
4173,274,0.3050781977051623
4174,491,0.5885362919779928
4175,491,0.5885362919779928
4176,491,0.5885362919779928
4177,491,0.5885362919779928
4178,491,0.5885362919779928
4179,491,0.5885362919779928
4180,491,0.5885362919779928
4181,11,0.9999999759595883
4182,11,0.9999999759595883
4183,11,0.9999999759595883
4184,11,0.9999999759595883
4185,679,0.472744566107619
4186,679,0.472744566107619
4187,679,0.472744566107619
4188,679,0.472744566107619
4189,72,1.0
4190,346,0.21830998863630008
4191,346,0.21830998863630008
4192,346,0.21830998863630008
4193,564,0.8534095368545228
4194,222,0.1223411668377043
4195,411,0.5543414374604066
4196,168,1.0
4197,194,0.21883155733017284
4198,194,0.21883155733017284
4199,194,0.21883155733017284
4200,194,0.08672116365636738
4201,72,1.0
4202,72,1.0
4203,142,1.0
4204,644,0.14460130199568408
4205,72,1.0
4206,116,0.12778552297577894
4207,116,0.12778552297577894
4208,450,0.0665644817136804
4209,168,1.0
4210,72,1.0
4211,23,1.0
4212,442,0.0902373719796441
4213,213,0.23379631726278924
4214,312,0.4701575183041372
4215,190,0.02687101910267493
4216,168,1.0
4217,251,-0.023547834681284362
4218,142,1.0
4219,538,0.8297846179172325
4220,269,1.0
4221,406,0.08184361895924552
4222,406,0.08184361895924552
4223,168,1.0
4224,538,0.8297846179172325
4225,23,1.0
4226,269,1.0
4227,72,1.0
4228,405,0.27739266223437153
4229,142,1.0
4230,23,1.0
4231,59,0.003745133664618328
4232,677,0.15702096958957135
4233,677,0.15702096958957135
4234,327,0.2340190281639767
4235,327,0.2340190281639767
4236,327,0.2340190281639767
4237,687,0.2137202344516537
4238,371,0.20173448114808765
4239,371,0.20173448114808765
4240,434,0.24194682636158515
4241,118,1.0
4242,72,1.0
4243,72,1.0
4244,154,0.23527024566349136
4245,154,0.23527024566349136
4246,154,0.23527024566349136
4247,154,0.23527024566349136
4248,339,0.060197328726357774
4249,339,0.060197328726357774
4250,686,1.0
4251,23,1.0
4252,168,1.0
4253,213,-0.016130250471952517
4254,513,0.08611937042183022
4255,313,0.3077315398618656
4256,124,0.6120859514030345
4257,168,1.0
4258,311,0.0686963711394527
4259,235,0.18708648122108618
4260,168,1.0
4261,342,0.9999999546131979
4262,342,0.9999999546131979
4263,342,0.9999999546131979
4264,342,0.9999999546131979
4265,168,1.0
4266,384,0.024640255827522783
4267,368,0.12819844973738595
4268,168,1.0
4269,168,1.0
4270,286,1.0
4271,286,1.0
4272,286,1.0
4273,667,-0.050244090386904576
4274,219,0.9999999662613499
4275,219,0.9999999662613499
4276,23,1.0
4277,72,1.0
4278,142,1.0
4279,72,1.0
4280,625,0.048176399921365604
4281,354,0.5304241434559799
4282,354,0.5304241434559799
4283,187,0.9999999699529838
4284,187,0.9999999699529838
4285,187,0.9999999699529838
4286,187,0.9999999699529838
4287,187,0.9999999699529838
4288,187,0.9999999699529838
4289,187,0.9999999699529838
4290,72,1.0
4291,72,1.0
4292,259,0.6885890319548915
4293,269,1.0
4294,396,0.0
4295,587,0.5109395954695821
4296,587,0.5109395954695821
4297,23,1.0
4298,249,0.10879628761644994
4299,72,1.0
4300,72,1.0
4301,51,-0.2238880571110062
4302,277,1.0
4303,277,1.0
4304,168,1.0
4305,168,1.0
4306,72,1.0
4307,168,1.0
4308,238,0.0
4309,93,0.3813379397567022
4310,168,1.0
4311,269,1.0
4312,637,0.658374640293497
4313,397,0.18177780642705418
4314,277,1.0
4315,168,1.0
4316,168,1.0
4317,581,0.7376466967949085
4318,542,0.006567326904422832
4319,533,1.0
4320,395,0.5277954955922296
4321,395,0.5277954955922296
4322,395,0.5277954955922296
4323,395,0.5277954955922296
4324,168,1.0
4325,512,0.4716058833908208
4326,512,0.4716058833908208
4327,698,0.12616260758975026
4328,619,0.5499878921480853
4329,619,0.5499878921480853
4330,312,0.45603806774860767
4331,312,0.45603806774860767
4332,181,0.3068568750043312
4333,381,0.16303264609543053
4334,146,0.6286397916496378
4335,146,0.6286397916496378
4336,146,0.6286397916496378
4337,537,0.1794487086158999
4338,189,0.6297644625934846
4339,168,1.0
4340,269,1.0
4341,452,0.21905283782202148
4342,452,0.21905283782202148
4343,151,0.45769012303328044
4344,151,0.45769012303328044
4345,269,1.0
4346,422,0.08929622253541049
4347,691,0.30990720265964367
4348,648,-0.10450905491682363
4349,269,1.0
4350,168,1.0
4351,72,1.0
4352,72,1.0
4353,72,1.0
4354,461,0.45289437673593075
4355,461,0.45289437673593075
4356,461,0.45289437673593075
4357,461,0.45289437673593075
4358,613,0.17247790883901742
4359,23,1.0
4360,72,1.0
4361,72,1.0
4362,451,0.8159749296337424
4363,72,1.0
4364,533,1.0
4365,72,1.0
4366,677,0.22335913491000697
4367,677,0.22335913491000697
4368,677,0.22335913491000697
4369,677,0.22335913491000697
4370,154,0.02673711112615275
4371,400,0.26149518981922576
4372,1,0.1087660459847803
4373,1,0.1087660459847803
4374,72,1.0
4375,629,-0.2214030742379017
4376,19,0.5676348812541783
4377,19,0.5676348812541783
4378,19,0.5676348812541783
4379,19,0.5676348812541783
4380,19,0.5676348812541783
4381,19,0.5676348812541783
4382,19,0.5676348812541783
4383,19,0.5676348812541783
4384,564,0.044208873948627575
4385,251,0.06410280306868973
4386,142,1.0
4387,274,0.3869227328662119
4388,72,1.0
4389,377,0.14527410918806835
4390,377,0.14527410918806835
4391,377,0.14527410918806835
4392,168,1.0
4393,168,1.0
4394,221,0.29009579973765676
4395,221,0.29009579973765676
4396,221,0.29009579973765676
4397,221,0.29009579973765676
4398,221,0.29009579973765676
4399,313,0.5028835724488624
4400,168,1.0
4401,457,0.0
4402,296,0.03472034027716738
4403,340,0.1763879046457077
4404,142,1.0
4405,512,0.31828265590095367
4406,168,1.0
4407,637,0.2568916503677635
4408,502,0.010640448947804727
4409,162,0.015608047844210857
4410,142,1.0
4411,168,1.0
4412,438,0.5316915317912251
4413,408,1.0
4414,168,1.0
4415,337,0.5084762544962266
4416,337,0.5084762544962266
4417,337,0.5084762544962266
4418,337,0.5084762544962266
4419,340,0.06263087355735071
4420,72,1.0
4421,139,0.010110481984629561
4422,168,1.0
4423,72,1.0
